# Resource object code (Python 3)
# Created by: object code
# Created by: The Resource Compiler for Qt version 6.7.1
# WARNING! All changes made in this file will be lost!

from PySide6 import QtCore

qt_resource_data = b"\
\x00\x00p\xc9\
\xff\
\xd8\xff\xe0\x00\x10JFIF\x00\x01\x01\x00\x00\x01\x00\
\x01\x00\x00\xff\xdb\x00C\x00\x03\x02\x02\x03\x02\x02\x03\x03\
\x03\x03\x04\x03\x03\x04\x05\x08\x05\x05\x04\x04\x05\x0a\x07\x07\
\x06\x08\x0c\x0a\x0c\x0c\x0b\x0a\x0b\x0b\x0d\x0e\x12\x10\x0d\x0e\
\x11\x0e\x0b\x0b\x10\x16\x10\x11\x13\x14\x15\x15\x15\x0c\x0f\x17\
\x18\x16\x14\x18\x12\x14\x15\x14\xff\xdb\x00C\x01\x03\x04\x04\
\x05\x04\x05\x09\x05\x05\x09\x14\x0d\x0b\x0d\x14\x14\x14\x14\x14\
\x14\x14\x14\x14\x14\x14\x14\x14\x14\x14\x14\x14\x14\x14\x14\x14\
\x14\x14\x14\x14\x14\x14\x14\x14\x14\x14\x14\x14\x14\x14\x14\x14\
\x14\x14\x14\x14\x14\x14\x14\x14\x14\x14\x14\x14\x14\xff\xc0\x00\
\x11\x08\x01\x02\x01\x02\x03\x01\x22\x00\x02\x11\x01\x03\x11\x01\
\xff\xc4\x00\x1f\x00\x00\x01\x05\x01\x01\x01\x01\x01\x01\x00\x00\
\x00\x00\x00\x00\x00\x00\x01\x02\x03\x04\x05\x06\x07\x08\x09\x0a\
\x0b\xff\xc4\x00\xb5\x10\x00\x02\x01\x03\x03\x02\x04\x03\x05\x05\
\x04\x04\x00\x00\x01}\x01\x02\x03\x00\x04\x11\x05\x12!1\
A\x06\x13Qa\x07\x22q\x142\x81\x91\xa1\x08#B\
\xb1\xc1\x15R\xd1\xf0$3br\x82\x09\x0a\x16\x17\x18\
\x19\x1a%&'()*456789:C\
DEFGHIJSTUVWXYZc\
defghijstuvwxyz\x83\
\x84\x85\x86\x87\x88\x89\x8a\x92\x93\x94\x95\x96\x97\x98\x99\x9a\
\xa2\xa3\xa4\xa5\xa6\xa7\xa8\xa9\xaa\xb2\xb3\xb4\xb5\xb6\xb7\xb8\
\xb9\xba\xc2\xc3\xc4\xc5\xc6\xc7\xc8\xc9\xca\xd2\xd3\xd4\xd5\xd6\
\xd7\xd8\xd9\xda\xe1\xe2\xe3\xe4\xe5\xe6\xe7\xe8\xe9\xea\xf1\xf2\
\xf3\xf4\xf5\xf6\xf7\xf8\xf9\xfa\xff\xc4\x00\x1f\x01\x00\x03\x01\
\x01\x01\x01\x01\x01\x01\x01\x01\x00\x00\x00\x00\x00\x00\x01\x02\
\x03\x04\x05\x06\x07\x08\x09\x0a\x0b\xff\xc4\x00\xb5\x11\x00\x02\
\x01\x02\x04\x04\x03\x04\x07\x05\x04\x04\x00\x01\x02w\x00\x01\
\x02\x03\x11\x04\x05!1\x06\x12AQ\x07aq\x13\x22\
2\x81\x08\x14B\x91\xa1\xb1\xc1\x09#3R\xf0\x15b\
r\xd1\x0a\x16$4\xe1%\xf1\x17\x18\x19\x1a&'(\
)*56789:CDEFGHIJ\
STUVWXYZcdefghij\
stuvwxyz\x82\x83\x84\x85\x86\x87\x88\x89\
\x8a\x92\x93\x94\x95\x96\x97\x98\x99\x9a\xa2\xa3\xa4\xa5\xa6\xa7\
\xa8\xa9\xaa\xb2\xb3\xb4\xb5\xb6\xb7\xb8\xb9\xba\xc2\xc3\xc4\xc5\
\xc6\xc7\xc8\xc9\xca\xd2\xd3\xd4\xd5\xd6\xd7\xd8\xd9\xda\xe2\xe3\
\xe4\xe5\xe6\xe7\xe8\xe9\xea\xf2\xf3\xf4\xf5\xf6\xf7\xf8\xf9\xfa\
\xff\xda\x00\x0c\x03\x01\x00\x02\x11\x03\x11\x00?\x00\xfdS\
\xa2\x8a(\x00\xa2\x934f\x80\x16\x8aL\xd1\x9a\x00Z\
)3Fh\x01h\xa2\x934\x00\xb4Rn\x1e\xb4P\
\x02\xd1E&h\x01h\xa4\xcd\x19\xa0\x05\xa2\x93\x22\x8c\
\xd0\x02\xd1I\x9aZ\x00(\xa2\x934\x00\xb4Rdz\
\xd1@\x0bE%\x19\x1e\xb4\x00\xb4Rf\x8c\xd0\x02\xd1\
I\x9a3@\x0bE\x14P\x01E\x14P\x01Hy\x14\
\xb4\x87\xa5\x00~@~\xde\x9f\xb7\x9f\xc7_\x82\xbf\xb5\
\x8f\x8e\xbc\x1b\xe0\xcf\x1c\xff\x00cxoM\xfb\x0f\xd9\
l\xbf\xb2,'\xf2\xfc\xcb\x0by_\xe7\x96\x06s\x97\
\x91\xcf,q\x9c\x0e\x00\x15\xe0\x1f\xf0\xf4o\xdaw\xfe\
\x8ag\xfeP4\xbf\xfeF\xa5\xff\x00\x82\xa3\xff\x00\xc9\
\xf6|M\xff\x00\xb8g\xfe\x9a\xed+\xf7O\xe2\x97\xc5\
?\x0c|\x16\xf0&\xa7\xe3/\x19j\x7f\xd8\xfe\x1b\xd3\
|\xaf\xb5^\xfd\x9eY\xfc\xbf2T\x89>H\x95\x9c\
\xe5\xe4A\xc2\x9cg'\x80M\x00~\x15\xff\x00\xc3\xd1\
\xbfi\xdf\xfa)\x9f\xf9@\xd2\xff\x00\xf9\x1a\x8f\xf8z\
7\xed;\xff\x00E3\xff\x00(\x1a_\xff\x00#W\
\xea\xb1\xff\x00\x82\xa2\xfe\xcc`\xe0\xfcK9\xff\x00\xb0\
\x06\xa9\xff\x00\xc8\xd4\x9f\xf0\xf4_\xd9\x8f\xfe\x8aa\xff\
\x00\xc1\x06\xa9\xff\x00\xc8\xd4\x01\xf9U\xff\x00\x0fF\xfd\
\xa7\x7f\xe8\xa6\x7f\xe5\x03K\xff\x00\xe4j\xfb\xff\x00\xfe\
\x09I\xfbQ\xfcN\xfd\xa5\x0f\xc5\x1f\xf8X\xfe&\xff\
\x00\x84\x8b\xfb\x17\xfb/\xec\x1f\xe8\x16\xb6\xbeO\x9d\xf6\
\xbf7\xfdDI\xbb>T\x7f{8\xdb\xc62s\xea\
\xdf\xf0T\x7f\xf91?\x89\xbf\xf7\x0c\xff\x00\xd3\xa5\xa5\
|\xa9\xff\x00\x0428\xff\x00\x85\xd8OA\xfd\x89\xff\
\x00\xb7\xf4\x01\xfa\xab_\x8f\xff\x00\xb0_\xed\xe7\xf1\xd7\
\xe3W\xedc\xe0_\x06\xf8\xcf\xc7?\xdb>\x1b\xd4\xbe\
\xdd\xf6\xab/\xec\x8b\x08<\xcf.\xc2\xe2T\xf9\xe2\x81\
\x5ca\xe3C\xc3\x0c\xe3\x07\x82E~\x80\xfcQ\xfd\xbd\
>\x05|\x17\xf1\xd6\xa7\xe0\xdf\x19x\xe0\xe8\xde$\xd3\
|\xaf\xb5Y\x7fd_\xcf\xe5\xf9\x91$\xa9\xf3\xc5\x03\
!\xcaH\x87\x868\xce\x0e\x08\x22\x93\xf6\xf5\xf8]\xe2\
\x7f\x8d\x1f\xb2w\x8e|\x1b\xe0\xdd3\xfbg\xc4\x9a\x9f\
\xd8~\xc9e\xf6\x88\xa0\xf3<\xbb\xfby_\xe7\x95\x95\
\x06\x127<\xb0\xce09 P\x07\xcf\xdf\xf0U\xaf\
\xda\x8b\xe2w\xec\xd8>\x17\x0f\x87\x1e&\xff\x00\x84t\
k_\xda\x9fo\xff\x00@\xb5\xba\xf3\xbc\x9f\xb2y\x7f\
\xeb\xe2}\xb8\xf3d\xfb\xb8\xce\xees\x81\x8f\xa0\x7f`\
\xaf\x8a>'\xf8\xd1\xfb'x\x1b\xc6^2\xd4\xff\x00\
\xb6|I\xa9\xfd\xbb\xedw\xbfg\x8a\x0f3\xcb\xbf\xb8\
\x89>H\x95Pa#A\xc2\x8c\xe3'\x92M|\xff\
\x00\xff\x00\x04\xa4\xfd\x97~'~\xcd\x9f\xf0\xb4\x0f\xc4\
o\x0c\xff\x00\xc2:5\xaf\xec\xbf\xb0\x7f\xa7\xda\xddy\
\xdeO\xda\xfc\xcf\xf5\x12\xbe\xdcy\xb1\xfd\xecgw\x19\
\xc1\xc7\xe8\x05\x00\x15\xf9\xff\x00\xff\x00\x05[\xfd\xa8\xfe\
'~\xcdg\xe1w\xfc+\x8f\x13\x7f\xc2;\xfd\xb5\xfd\
\xa9\xf6\xff\x00\xf4\x0b[\xaf;\xc9\xfb'\x95\xfe\xbe'\
\xdb\x8f6O\xbb\x8c\xee\xe78\x18\xfa\x07\xe1w\xed\xe9\
\xf0+\xe3G\x8e\xb4\xcf\x06\xf87\xc7\x07Y\xf1&\xa5\
\xe6\xfd\x96\xcb\xfb\x22\xfe\x0f3\xcb\x89\xe5\x7f\x9eX\x15\
\x06\x127<\xb0\xce02H\x15\xd4\xfcq\xfd\xa9>\
\x18\xfe\xcd\xdf\xd8\x9f\xf0\xb1\xbcM\xff\x00\x08\xf7\xf6\xd7\
\x9d\xf6\x0cX]]y\xdeW\x97\xe6\x7f\xa8\x89\xf6\xe3\
\xcd\x8f\xefc;\xb8\xce\x0e\x00?\x15\xbf\xe1\xe8\xdf\xb4\
\xef\xfd\x14\xcf\xfc\xa0i\x7f\xfc\x8dG\xfc=\x1b\xf6\x9d\
\xff\x00\xa2\x99\xff\x00\x94\x0d/\xff\x00\x91\xab\xf7S\xe1\
o\xc5?\x0c|i\xf0&\x99\xe3/\x06\xea\x7f\xdb\x1e\
\x1b\xd4\xbc\xdf\xb2\xde\xfd\x9eX<\xcf.W\x89\xfeI\
U\x5ca\xe3q\xca\x8c\xe3#\x82\x0d~U~\xc1\x7f\
\xb0g\xc7_\x82\xbf\xb5\x8f\x81|e\xe3?\x03\x7fc\
xoM\xfbw\xda\xaf\x7f\xb5\xec'\xf2\xfc\xcb\x0b\x88\
\x93\xe4\x8avs\x97\x91\x07\x0aq\x9c\x9e\x014\x01\xf4\
\x07\xfc\x12\x9b\xf6\xa2\xf8\x9d\xfbJ\x7f\xc2\xd1\xff\x00\x85\
\x8f\xe2o\xf8H\xbf\xb1\x7f\xb2\xfe\xc1\xfe\x81kk\xe4\
\xf9\xdfk\xf3?\xd4D\x9b\xb3\xe5G\xf7\xb3\x8d\xbcc\
'??\xfe\xde\x9f\xb7\x9f\xc7_\x82\xbf\xb5\x8f\x8e\xbc\
\x1b\xe0\xcf\x1c\xff\x00cxoM\xfb\x0f\xd9l\xbf\xb2\
,'\xf2\xfc\xcb\x0by_\xe7\x96\x06s\x97\x91\xcf,\
q\x9c\x0e\x00\x15\xd5\xff\x00\xc1sy\xff\x00\x85'\xff\
\x00q\xbf\xfd\xb0\xaf\xaa\xff\x00\xe0\x97\x1f\xf2b\x7f\x0c\
\xbf\xee'\xff\x00\xa7K\xba\x00\xf8\xa7\xf6\x0b\xfd\xbc\xfe\
:\xfcj\xfd\xac|\x0b\xe0\xdf\x19\xf8\xe7\xfbg\xc3z\
\x97\xdb\xbe\xd5e\xfd\x91a\x07\x99\xe5\xd8\x5cJ\x9f<\
P+\x8c<hxa\x9c`\xf0H\xaf\xd7\xf1\xc0\xaf\
\x01\xf8]\xfbz|\x0a\xf8\xd1\xe3\xad3\xc1\xbe\x0d\xf1\
\xc1\xd6|I\xa9y\xbfe\xb2\xfe\xc8\xbf\x83\xcc\xf2\xe2\
y_\xe7\x96\x05A\x84\x8d\xcf,3\x8c\x0c\x92\x05|\
\xfb\xff\x00\x05Z\xfd\x97\xbe&\xfe\xd2\x83\xe1q\xf8q\
\xe1\x9f\xf8H\x86\x8a5C~~\xdfkk\xe4\xf9\xdf\
d\xf2\xbf\xd7\xca\x9b\xb3\xe5I\xf7s\x8d\xbc\xe3# \
\x1f\xa05\xf8\x01\xff\x00\x0fF\xfd\xa7\x7f\xe8\xa6\x7f\xe5\
\x03K\xff\x00\xe4j\xf0\x1f\x8a_\x0b|O\xf0[\xc7\
z\x9f\x83|e\xa6\x7fcx\x93M\xf2\xbe\xd5e\xe7\
\xc5?\x97\xe6D\x92\xa7\xcf\x132\x1c\xa4\x88xc\x8c\
\xe0\xf2\x08\xaf~\xff\x00\x87\x5c\xfe\xd3\xbf\xf4L\xff\x00\
\xf2\xbf\xa5\xff\x00\xf2M\x00\x1f\xf0\xf4_\xdap\xf0~\
&q\xff\x00`\x0d/\xff\x00\x91\xab\xf5\xff\x00\xf6\x0a\
\xf8\xa3\xe2\x7f\x8d\x1f\xb2w\x81\xbce\xe3-O\xfbg\
\xc4\x9a\x9f\xdb\xbe\xd7{\xf6x\xa0\xf3<\xbb\xfb\x88\x93\
\xe4\x89U\x06\x124\x1c(\xce2y$\xd7\xcf\xff\x00\
\xf0J_\xd9w\xe2w\xec\xd5\xff\x00\x0bD\xfcG\xf0\
\xcf\xfc#\x83Z\xfe\xcb\xfb\x07\xfa}\xad\xd7\x9d\xe4\xfd\
\xaf\xcd\xff\x00Q+\xed\xc7\x9b\x1f\xde\xc6wq\x9c\x1c\
}\x03\xf1G\xf6\xf4\xf8\x15\xf0_\xc7Z\x9f\x83|e\
\xe3\x83\xa3x\x93M\xf2\xbe\xd5e\xfd\x91\x7f?\x97\xe6\
D\x92\xa7\xcf\x14\x0c\x87)\x22\x1e\x18\xe388 \x8a\
\x00O\xdb\xd7\xe2\x8f\x89\xfe\x0b\xfe\xc9\xde9\xf1\x97\x83\
u?\xeco\x12i\x9fa\xfb%\xef\xd9\xe2\x9f\xcb\xf3\
/\xed\xe2\x7f\x92Ud9I\x1cr\xa7\x19\xc8\xe4\x03\
_\x90\x1f\xf0\xf4_\xdapp>&q\xff\x00`\x0d\
/\xff\x00\x91\xab\xf5W\xfe\x0a\x8f\xff\x00&'\xf17\
\xfe\xe1\x9f\xfat\xb4\xaf\x95?\xe0\x86G\x1f\xf0\xbb\x09\
\xe8?\xb1?\xf6\xfe\x80>U\xff\x00\x87\xa3~\xd3\xbf\
\xf4S?\xf2\x81\xa5\xff\x00\xf25\x1f\xf0\xf4o\xdaw\
\xfe\x8ag\xfeP4\xbf\xfeF\xaf\xd8\x0f\x8a?\xb7\xa7\
\xc0\xaf\x82\xfe:\xd4\xfc\x1b\xe3/\x1c\x1d\x1b\xc4\x9ao\
\x95\xf6\xab/\xec\x8b\xf9\xfc\xbf2$\x95>x\xa0d\
9I\x10\xf0\xc7\x19\xc1\xc1\x04W)\xff\x00\x0fE\xfd\
\x98\xff\x00\xe8\xa6\x1f\xfc\x10j\x9f\xfc\x8d@\x1f\x95_\
\xf0\xf4o\xdaw\xfe\x8ag\xfeP4\xbf\xfeF\xa3\xfe\
\x1e\x8d\xfbN\xff\x00\xd1L\xff\x00\xca\x06\x97\xff\x00\xc8\
\xd5\xfbS\xf07\xf6\xa4\xf8c\xfbI\xff\x00m\x8f\x87\
\x1e&\xff\x00\x84\x8b\xfb\x17\xc8\xfb\x7f\xfa\x05\xd5\xaf\x93\
\xe7y\x9eW\xfa\xf8\x93v|\xa9>\xeeq\xb7\x9cd\
g\xf1_\xfe\x0a\x8f\xff\x00'\xd9\xf17\xfe\xe1\x9f\xfa\
k\xb4\xa0\x0f\xdf\xea(\xa2\x80\x0a(\xa2\x80\x0aC\xd2\
\x96\x90\xf4\xa0\x0f\xc0/\xf8*?\xfc\x9fg\xc4\xdf\xfb\
\x86\x7f\xe9\xae\xd2\xbfU?\xe0\xa8\xff\x00\xf2b\x9f\x13\
?\xee\x19\xff\x00\xa7;J\xfc\xab\xff\x00\x82\xa3\xff\x00\
\xc9\xf6|M\xff\x00\xb8g\xfe\x9a\xed+\xf5S\xfe\x0a\
\x8f\xff\x00&'\xf17\xfe\xe1\x9f\xfat\xb4\xa0\x0f\xc0\
\x1c\xd1\x9a(\xa0\x0f\xdf\xef\xf8*?\xfc\x98\x9f\xc4\xdf\
\xfb\x86\x7f\xe9\xd2\xd2\xbeT\xff\x00\x82\x19\x7f\xcdl\xff\
\x00\xb8'\xfe\xdf\xd7\xd5\x7f\xf0T\x7f\xf91?\x89\xbf\
\xf7\x0c\xff\x00\xd3\xa5\xa5|\xa9\xff\x00\x042\xe7\xfe\x17\
g\xfd\xc1?\xf6\xfe\x80=W\xf6\xa2\xff\x00\x82S\x7f\
\xc3I\xfcu\xf17\xc4\x7f\xf8Z?\xf0\x8e\x7fm}\
\x9b\xfe%\x9f\xf0\x8f\xfd\xab\xc9\xf2mb\x83\xfdo\xda\
\x93v|\xad\xdftcv9\xc6O\x95\x7f\xc3\xf3\x7f\
\xea\x89\xff\x00\xe5\xd7\xff\x00\xdcU\xca~\xde\x9f\xb7\x9f\
\xc7_\x82\xbf\xb5\x8f\x8e\xbc\x1b\xe0\xcf\x1c\xff\x00cx\
oM\xfb\x0f\xd9l\xbf\xb2,'\xf2\xfc\xcb\x0by_\
\xe7\x96\x06s\x97\x91\xcf,q\x9c\x0e\x00\x15\xf9\xaf@\
\x1f\xbf\xbf\xb0\xc7\xed\xcd\xff\x00\x0d\xa2|m\x8f\x04\xff\
\x00\xc2\x1d\xff\x00\x08\xd7\xd8\x7f\xe6-\xf6\xef\xb4\xfd\xa3\
\xed\x1f\xf4\xc2-\x9b|\x8f|\xee\xed\x8e~\xab\xaf\xca\
\xaf\xf8!\x8f\xfc\xd6\xcf\xfb\x82\x7f\xed\xfd~\xaa\xd0\x07\
\xf3Y\xfb.|s\xff\x00\x86m\xf8\xeb\xe1\x9f\x88\xdf\
\xd8\x9f\xf0\x91\x7fb\xfd\xab\xfe%\x9fk\xfb/\x9d\xe7\
Z\xcb\x07\xfa\xdd\x8f\xb7\x1en\xef\xbas\xb7\x1cg#\
\xd5\xbfn_\xdb\x97\xfe\x1bC\xfe\x10\x9cx'\xfe\x10\
\xef\xf8F\xbe\xdb\xff\x001_\xb7}\xa7\xed\x1fg\xff\
\x00\xa6\x11l\xdb\xf6\x7f|\xee\xed\x8ey?\xd8+\xe1\
w\x86>4~\xd6>\x06\xf0o\x8c\xb4\xcf\xed\x8f\x0d\
\xea\x7fn\xfb]\x97\xda%\x83\xcc\xf2\xec.%O\x9e\
&W\x18x\xd0\xf0\xc38\xc1\xe0\x91_\xaf\xff\x00\xf0\
\xeb\xaf\xd9\x8c\xf3\xff\x00\x0a\xd0\xe7\xfe\xc3\xfa\xa7\xff\x00\
$\xd0\x01\xff\x00\x04\xb9?\xf1\x82\x9f\x0c\xff\x00\xee'\
\xff\x00\xa7;\xba\xf9W\xfe\x1f\x99\xff\x00TO\xff\x00\
.\xbf\xfe\xe2\xaf*\xfd\xa9?j?\x89\xdf\xb1\x7f\xc7\
o\x13|\x1b\xf87\xe2o\xf8C\xbe\x1b\xf8k\xec\xbf\
\xd9Z/\xd8-o\xbe\xcd\xf6\x8bX\xae\xa6\xfd\xf5\xd4\
R\xcc\xfb\xa6\xb8\x95\xfew8\xdd\x81\x85\x00\x0f\xbf\xff\
\x00\xe1\xd7_\xb3\x1f\xfd\x133\xff\x00\x83\xfdS\xff\x00\
\x92h\x03\xf2\xaf\xf6\xe6\xfd\xb9\x7f\xe1\xb4\x7f\xe1\x09\xff\
\x00\x8a'\xfe\x10\xef\xf8F\xbe\xdb\xff\x001_\xb7}\
\xa7\xed\x1fg\xff\x00\xa61l\xdb\xe4{\xe7wls\
\xfa\xa9\xff\x00\x04\xb9\xe3\xf6\x14\xf8g\xff\x00q?\xfd\
9\xdd\xd7\xc0\x1f\xf0U\xaf\xd9{\xe1\x8f\xec\xd4~\x17\
\x1f\x87\x1e\x19\xff\x00\x84t\xeb_\xda\x9fo\xff\x00O\
\xba\xba\xf3\xbc\x9f\xb2y_\xeb\xe5}\xb8\xf3d\xfb\xb8\
\xce\xees\x81\x8f\x9f\xfe\x17~\xde\x9f\x1d~\x0bx\x17\
L\xf0o\x83<p4o\x0d\xe9\xbeo\xd9l\xbf\xb2\
,'\xf2\xfc\xc9^W\xf9\xe5\x81\x9c\xe5\xe4s\xcb\x1c\
g\x03\x00\x01@\x1f\xa5?\xb2\xef\xfc\x12\x94\xfe\xcd\x9f\
\x1d|3\xf1\x1f\xfe\x16\x8f\xfc$\x7f\xd8\xbfi\xff\x00\
\x89g\xfc#\xff\x00e\xf3\xbc\xebY`\xff\x00[\xf6\
\xa7\xdb\x8f7w\xdd9\xdb\x8e3\x91\xf7\xf6\x06)\xd4\
\x84d\x10z\x1a\x00\xfc\x02\xff\x00\x82\xa3\x0f\xf8\xce\xbf\
\x89\x98\xff\x00\xa8g\xfe\x9b-+\xef\xef\xd9w\xfe\x0a\
\xb5\xff\x00\x0d'\xf1\xd7\xc3?\x0e?\xe1W\x7f\xc29\
\xfd\xb5\xf6\x9f\xf8\x99\xff\x00\xc2A\xf6\xaf'\xc9\xb5\x96\
\x7f\xf5_eM\xd9\xf2\xb6\xfd\xe1\x8d\xd9\xe7\x18?@\
\xfcQ\xfd\x82\xfe\x05|h\xf1\xd6\xa7\xe3/\x19x\x1c\
\xeb>$\xd4\xbc\xaf\xb5^\xff\x00k\xdf\xc1\xe6yq\
$I\xf2E:\xa0\xc2F\x83\x85\x19\xc6NI&\x8f\
\x85\xdf\xb0_\xc0\xaf\x82\xfe:\xd3<e\xe0\xdf\x03\x9d\
\x1b\xc4\x9ao\x9b\xf6[\xdf\xed{\xf9\xfc\xbf2'\x89\
\xfeIgd9I\x1cr\xa7\x19\xc8\xc1\x00\xd0\x07%\
\xfbs~\xdc\xa3\xf6/\xff\x00\x84'\xfe(\x9f\xf8L\
\x7f\xe1%\xfbo\xfc\xc5\xbe\xc3\xf6\x7f\xb3\xfd\x9f\xfe\x98\
K\xbfw\x9f\xed\x8d\xbd\xf3\xc7\xca\xff\x00\xf0\xc3\x1f\xf0\
\xf2\x7f\xf8\xc8\xdf\xf8M\xbf\xe1]\x7f\xc2i\xff\x002\
\xd7\xf6W\xf6\xa7\xd8\xfe\xc9\xfe\x81\xff\x00\x1f>|>\
f\xff\x00\xb2y\x9f\xea\xd7n\xfd\xbc\xed\xdcS\xfe\x0b\
\x99\xf2\xff\x00\xc2\x92\xc7\x18\xfe\xdb\xc7\xfeHW\xc5\x7f\
\x0b\xbfoO\x8e\xbf\x05\xbc\x0b\xa6x7\xc1\x9e8\x1a\
7\x86\xf4\xdf7\xec\xb6_\xd9\x16\x13\xf9~d\xaf+\
\xfc\xf2\xc0\xcer\xf29\xe5\x8e3\x81\x80\x00\xa0\x0f\xd7\
\xff\x00\xf8*?\xfc\x98\x9f\xc4\xdf\xfb\x86\x7f\xe9\xd2\xd2\
\xbeT\xff\x00\x82\x19\x7f\xcdl\xff\x00\xb8'\xfe\xdf\xd7\
\xd5\x7f\xf0T\x7f\xf91?\x89\xbf\xf7\x0c\xff\x00\xd3\xa5\
\xa5|\xa9\xff\x00\x042\xff\x00\x9a\xd9\xff\x00pO\xfd\
\xbf\xa0\x0f\x95\xbf\xe0\xa8\xdc~\xdd\x7f\x13?\xee\x19\xff\
\x00\xa6\xcbJ\xf9W5\xf5W\xfc\x15\x1f\xfeO\xb3\xe2\
o\xfd\xc3?\xf4\xd7i_*\xd0\x07\xea\x9f\xfc\x10\xcb\
\xfekg\xfd\xc1?\xf6\xfe\xbeV\xff\x00\x82\xa3\xff\x00\
\xc9\xf6|M\xff\x00\xb8g\xfe\x9a\xed+\xea\x9f\xf8!\
\x97\xfc\xd6\xcf\xfb\x82\x7f\xed\xfd|\xad\xff\x00\x05G\xff\
\x00\x93\xec\xf8\x9b\xff\x00p\xcf\xfd5\xdaP\x07\xef\xf5\
\x14Q@\x05\x14Q@\x05!\xe9KHzP\x07\xe0\
\x17\xfc\x15\x1f\xfeO\xb3\xe2o\xfd\xc3?\xf4\xd7i_\
\xaa\x9f\xf0\xf4_\xd9\x8f\xfe\x8aa\xff\x00\xc1\x06\xa9\xff\
\x00\xc8\xd5\xe5?\xb5\x17\xfc\x12\x97\xfe\x1aS\xe3\xaf\x89\
\xbe#\xff\x00\xc2\xd1\xff\x00\x84s\xfbk\xec\xbf\xf1-\
\xff\x00\x84\x7f\xed^O\x93k\x14\x1f\xeb~\xd4\x9b\xb3\
\xe5n\xfb\xa3\x1b\xb1\xce2|\xaf\xfe\x1cg\xff\x00U\
\xb3\xff\x00-O\xfe\xed\xa0\x0f\xaa\xbf\xe1\xe8\xbf\xb3\x1f\
\xfd\x14\xc3\xff\x00\x82\x0dS\xff\x00\x91\xa8\xff\x00\x87\xa2\
\xfe\xcc\x7f\xf4S\x0f\xfe\x085O\xfeF\xaf\x95\x7f\xe1\
\xc6\x5c\x7f\xc9l\xff\x00\xcbS\xff\x00\xbbh\xff\x00\x87\
\x19\xff\x00\xd5l\xff\x00\xcbS\xff\x00\xbbh\x03\xab\xfd\
\xbd\x7fo?\x81_\x1a\x7fd\xef\x1dx7\xc1\x9e8\
:\xcf\x895/\xb0\xfd\x96\xcb\xfb\x22\xfe\x0f3\xcb\xbf\
\xb7\x95\xfey`T\x18H\xdc\xf2\xc38\xc0\xe4\x81\x5c\
\xa7\xfc\x10\xccc\xfe\x17g\xfd\xc1?\xf6\xfe\x8f\xf8q\
\x97\xfdV\xcf\xfc\xb5?\xfb\xb6\xbe\xa8\xfd\x86\x7fa\xaf\
\xf8b\xef\xf8M\xbf\xe2\xb6\xff\x00\x84\xc7\xfe\x12_\xb1\
\x7f\xcc'\xec?f\xfb?\xda?\xe9\xbc\xbb\xf7y\xfe\
\xd8\xdb\xdf<\x00~V\xff\x00\xc1Q\xff\x00\xe4\xfb>\
&\xff\x00\xdc3\xff\x00Mv\x95\xfa\xa9\xff\x00\x05G\
\xff\x00\x93\x13\xf8\x9b\xff\x00p\xcf\xfd:ZW\x94\xfe\
\xd4_\xf0J_\xf8iO\x8e\xbe&\xf8\x8f\xff\x00\x0b\
G\xfe\x11\xcf\xed\xaf\xb2\xff\x00\xc4\xb7\xfe\x11\xff\x00\xb5\
y>M\xacP\x7f\xad\xfbRn\xcf\x95\xbb\xee\x8cn\
\xc78\xc9\xfa\xaf\xf6\xa3\xf8\x19\xff\x00\x0d'\xf0+\xc4\
\xdf\x0e?\xb6\xff\x00\xe1\x1d\xfe\xda\xfb/\xfcL\xbe\xc9\
\xf6\xaf'\xc9\xba\x8a\x7f\xf5[\xd3v|\xad\xbfxc\
vy\xc6\x08\x07\xe7\xff\x00\xfc\x10\xcb\xfekg\xfd\xc1\
?\xf6\xfe\xbeV\xff\x00\x82\xa3\xff\x00\xc9\xf6|M\xff\
\x00\xb8g\xfe\x9a\xed+\xea\xac\x7f\xc3\x97\xbf\xea\xb1\x7f\
\xc2\xc9\xff\x00\xb8\x1f\xf6w\xf6\x7f\xfe\x04\xf9\xbeg\xdb\
\xff\x00\xd8\xdb\xe5\x7f\x16\xef\x94\xff\x00\x86\x18\xff\x00\x87\
\x93\xff\x00\xc6G\x7f\xc2m\xff\x00\x0a\xeb\xfe\x13O\xf9\
\x96\xbf\xb2\xbf\xb5>\xc7\xf6O\xf4\x0f\xf8\xf9\xf3\xa1\xf3\
7\xfd\x93\xcc\xff\x00V\xbbw\xed\xe7n\xe2\x01\xfaS\
\xf1K\xe2\x9f\x86>\x0bx\x13S\xf1\x97\x8c\xb5?\xec\
\x7f\x0d\xe9\xbeW\xda\xaf~\xcf,\xfe_\x99*D\x9f\
$J\xcer\xf2 \xe1N3\x93\xc0&\xb9O\x81\xdf\
\xb5'\xc3\x1f\xdaG\xfbo\xfe\x15\xcf\x89\xbf\xe1!\xfe\
\xc5\xf2~\xdf\x9b\x0b\xab_'\xcd\xf3<\xbf\xf5\xf1&\
\xec\xf9R}\xdc\xe3o8\xc8\xcf\xc0?\xf0\xdc\xff\x00\
\xf0\xf2\x7f\xf8\xc7\x1f\xf8B\x7f\xe1]\x7f\xc2i\xff\x00\
3/\xf6\xaf\xf6\xa7\xd8\xfe\xc9\xfe\x9d\xff\x00\x1e\xdeL\
>f\xff\x00\xb2y\x7f\xeb\x17n\xfd\xdc\xed\xdaS\xfe\
P\xc0?\xe8\xb1\x7f\xc2\xc9\xff\x00\xb8\x1f\xf6w\xf6\x7f\
\xfe\x04\xf9\xbeg\xdb\xff\x00\xd8\xdb\xe5\x7f\x16\xee\x00>\
\xd6\xf8\xa3\xfbz|\x0a\xf8/\xe3\xadO\xc1\xbe2\xf1\
\xc1\xd1\xbcI\xa6\xf9_j\xb2\xfe\xc8\xbf\x9f\xcb\xf3\x22\
IS\xe7\x8a\x06C\x94\x91\x0f\x0cq\x9c\x1c\x10E~\
*\xfcQ\xfd\x82\xfe:\xfc\x16\xf0.\xa7\xe3/\x19\xf8\
\x1ch\xde\x1b\xd3|\xaf\xb5^\xff\x00k\xd8O\xe5\xf9\
\x92\xa4I\xf2E;9\xcb\xc8\x83\x858\xceN\x00&\
\xbe\xd5\xff\x00\x86\x18\xff\x00\x87\x93\xff\x00\xc6F\xff\x00\
\xc2m\xff\x00\x0a\xeb\xfe\x13O\xf9\x96\xbf\xb2\xbf\xb5>\
\xc7\xf6O\xf4\x0f\xf8\xf9\xf3\xe1\xf37\xfd\x93\xcc\xff\x00\
V\xbbw\xed\xe7n\xe3\xf7\xf7\xedG\xf00~\xd2\x7f\
\x02\xbcM\xf0\xe3\xfblxw\xfbk\xec\xbf\xf13\xfb\
'\xda\xbc\x9f&\xea)\xff\x00\xd5oM\xd9\xf2\xb6\xfd\
\xe1\x8d\xd9\xe7\x18 \x1f\x00\x7f\xc1\x0c\xfe_\xf8]\xb9\
\xe3\x1f\xd8\x99\xff\x00\xc9\xfa\xfb[\xe2\x8f\xed\xe9\xf0+\
\xe0\xbf\x8e\xb5?\x06\xf8\xcb\xc7\x07F\xf1&\x9b\xe5}\
\xaa\xcb\xfb\x22\xfe\x7f/\xcc\x89%O\x9e(\x19\x0eR\
D<1\xc6ppA\x15\xc9~\xc3?\xb0\xcf\xfc1\
w\xfc&\xdf\xf1[\x7f\xc2c\xff\x00\x09/\xd8\xbf\xe6\
\x13\xf6\x1f\xb3}\x9f\xed\x1f\xf4\xde]\xfb\xbc\xff\x00l\
m\xef\x9e<\xaf\xf6\xa2\xff\x00\x82S\x7f\xc3I\xfcu\
\xf17\xc4\x7f\xf8Z?\xf0\x8e\x7fm}\x9b\xfe%\x9f\
\xf0\x8f\xfd\xab\xc9\xf2mb\x83\xfdo\xda\x93v|\xad\
\xdftcv9\xc6H\x07\xab\x7f\xc1Q\xff\x00\xe4\xc4\
\xfe&\xff\x00\xdc3\xff\x00N\x96\x95\xf2\xa7\xfc\x10\xc8\
\xe3\xfe\x17a=\x07\xf6'\xfe\xdf\xd7\x96~\xd4_\xf0\
U\xaf\xf8iO\x81^&\xf8p~\x17\x7f\xc29\xfd\
\xb5\xf6_\xf8\x99\x7f\xc2A\xf6\xaf'\xc9\xba\x8a\x7f\xf5\
_eM\xd9\xf2\xb6\xfd\xe1\x8d\xd9\xe7\x18>\xa7\xff\x00\
\x043\x1f\xf2[?\xee\x09\xff\x00\xb7\xf4\x01\xf6\xb7\xc5\
\x1f\xdb\xd3\xe0W\xc1\x7f\x1dj~\x0d\xf1\x97\x8e\x0e\x8d\
\xe2M7\xca\xfbU\x97\xf6E\xfc\xfe_\x99\x12J\x9f\
<P2\x1c\xa4\x88xc\x8c\xe0\xe0\x82+\xd5>)\
|S\xf0\xc7\xc1o\x02j~2\xf1\x96\xa7\xfd\x8f\xe1\
\xbd7\xca\xfbU\xef\xd9\xe5\x9f\xcb\xf3%H\x93\xe4\x89\
Y\xce^D\x1c)\xc6rx\x04\xd7\xc5_\xb5\x17\xfc\
\x12\x94\xfe\xd2\x7f\x1d|M\xf1\x1f\xfe\x16\x8f\xfc#\x9f\
\xdb_f\xff\x00\x89g\xfc#\xff\x00j\xf2|\x9bX\
\xa0\xff\x00[\xf6\xa4\xdd\x9f+w\xdd\x18\xdd\x8eq\x93\
\xe5\x7f\xf0\xdc\xff\x00\xf0\xf2\x7f\xf8\xc7\x1f\xf8B\x7f\xe1\
]\x7f\xc2i\xff\x003/\xf6\xaf\xf6\xa7\xd8\xfe\xc9\xfe\
\x9f\xff\x00\x1e\xdeL>f\xff\x00\xb2y\x7f\xeb\x17n\
\xfd\xdc\xed\xda@>\xfe\xf8\x1b\xfbQ\xfc1\xfd\xa4\x8e\
\xb6>\x1c\xf8\x9b\xfe\x12#\xa2\xf9?o\xcd\x85\xd5\xaf\
\x93\xe7y\x9e_\xfa\xf8\x93v|\xa9>\xeeq\xb7\x9c\
dg\xf1_\xfe\x0a\x8f\xff\x00'\xd9\xf17\xfe\xe1\x9f\
\xfak\xb4\xaf\xd5?\xd8g\xf6\x1a\xff\x00\x86/\xff\x00\
\x84\xdb\xfe+o\xf8L\x7f\xe1%\xfb\x17\xfc\xc2~\xc3\
\xf6\x7f\xb3\xfd\xa3\xfe\x9b\xcb\xbfw\xda=\xb1\xb7\xbex\
\xf2\xaf\xda\x8b\xfe\x09K\xff\x00\x0d)\xf1\xd7\xc4\xdf\x11\
\xff\x00\xe1h\xff\x00\xc29\xfd\xb5\xf6_\xf8\x96\xff\x00\
\xc2?\xf6\xaf'\xc9\xb5\x8a\x0f\xf5\xbfjM\xd9\xf2\xb7\
}\xd1\x8d\xd8\xe7\x19 \x1e\xad\xff\x00\x05G\xff\x00\x93\
\x13\xf8\x9b\xff\x00p\xcf\xfd:ZW\xc0\x1f\xf0J_\
\xda\x8b\xe1\x8f\xec\xd7\xff\x00\x0bG\xfe\x16?\x89\xbf\xe1\
\x1d\xfe\xda\xfe\xcb\xfb\x07\xfa\x05\xd5\xd7\x9d\xe4\xfd\xaf\xcd\
\xff\x00Q\x13\xed\xc7\x9b\x1f\xde\xc6wq\x9c\x1c~\xa9\
\xfe\xd4\x7f\x03\x7f\xe1\xa4\xfe\x05x\x9b\xe1\xc7\xf6\xdf\xfc\
#\xbf\xdb_e\xff\x00\x89\x97\xd9>\xd5\xe4\xf97Q\
O\xfe\xabzn\xcf\x95\xb7\xef\x0cn\xcf8\xc1\xf8\x00\
\x7f\xc1\x0c\xff\x00\xea\xb6\x7f\xe5\xa9\xff\x00\xdd\xb4\x01\xf5\
_\xfc=\x17\xf6c\xff\x00\xa2\x98\x7f\xf0A\xaa\x7f\xf2\
5\x1f\xf0\xf4_\xd9\x8f\xfe\x8aa\xff\x00\xc1\x06\xa9\xff\
\x00\xc8\xd5\xf2\xaf\xfc8\xcb\xfe\xabg\xfeZ\x9f\xfd\xdb\
G\xfc8\xcb\xfe\xabg\xfeZ\x9f\xfd\xdb@\x1fU\x7f\
\xc3\xd1\x7ff3\xc0\xf8\x96s\xff\x00`\x0dS\xff\x00\
\x91\xab\xf2\x03\xf6\xf5\xf8\xa3\xe1\x8f\x8d\x1f\xb5\x8f\x8e|\
e\xe0\xddO\xfbc\xc3z\x9f\xd8~\xc9{\xf6y`\
\xf3<\xbb\x0bx\x9f\xe4\x95U\xc6\x1e7\x1c\xa8\xce2\
8 \xd7\xda\x83\xfe\x08g\x9f\xf9\xad\x9f\xf9j\x7f\xf7\
m/\xfc8\xc7\xfe\xabg\xfeZ\x9f\xfd\xdb@\x1f\xaa\
\x94QE\x00\x14QE\x00\x14QHzP\x02\xd7\xe3\
\xff\x00\xec\x17\xfby\xfcu\xf8\xd5\xfbX\xf8\x17\xc1\xbe\
3\xf1\xcf\xf6\xcf\x86\xf5/\xb7}\xaa\xcb\xfb\x22\xc2\x0f\
3\xcb\xb0\xb8\x95>x\xa0W\x18x\xd0\xf0\xc38\xc1\
\xe0\x91^\x03\xff\x00\x05G\xff\x00\x93\xec\xf8\x9b\xff\x00\
p\xcf\xfd5\xdaW\xea\xa7\xfc=\x17\xf6c\xff\x00\xa2\
\x98\x7f\xf0A\xaa\x7f\xf25\x00}S\x8f\x97\x15\xf9\x01\
\xfbz~\xde\x7f\x1d~\x0a\xfe\xd6>:\xf0o\x83<\
s\xfd\x8d\xe1\xbd7\xec?e\xb2\xfe\xc8\xb0\x9f\xcb\xf3\
,-\xe5\x7f\x9eX\x19\xce^G<\xb1\xc6p8\x00\
WY\xfbs\xff\x00\xc6\xc9\xcf\x82\x7f\xe1\x9c\x7f\xe2\xe2\
\xff\x00\xc2\x17\xf6\xef\xed\xef\xf9\x85\xfd\x8f\xed\x7fg\xfb\
7\xfc\x7fy>f\xff\x00\xb2\x5c\x7f\xab\xdd\xb7g\xcd\
\x8d\xcb\x9fU\xfd\x96\xff\x00j?\x86?\xb1\x7f\xc0\x9f\
\x0c\xfc\x1b\xf8\xc9\xe2o\xf8C\xbe$xk\xed_\xda\
\xba/\xf6}\xd5\xf7\xd9\xbe\xd1u-\xd4?\xbe\xb5\x8a\
X_t7\x11?\xc8\xe7\x1b\xb0p\xc0\x80\x01\xef\xff\
\x00\xb7\xaf\xc5\x1f\x13\xfc\x17\xfd\x93\xbcs\xe3/\x06\xea\
\x7f\xd8\xde$\xd3>\xc3\xf6K\xdf\xb3\xc5?\x97\xe6_\
\xdb\xc4\xff\x00$\xaa\xc8r\x928\xe5N3\x91\xc8\x06\
\xbe~\xff\x00\x82R\xfe\xd4_\x13\xbfi1\xf1D|\
G\xf17\xfc$CE\xfe\xcb\xfb\x07\xfa\x05\xad\xaf\x93\
\xe7}\xaf\xcc\xff\x00Q\x12n\xcf\x95\x1f\xde\xce6\xf1\
\x8c\x9c\xfc\xaf\xfb-\xfe\xcb\x9f\x13\xbfb\xff\x00\x8e\xde\
\x19\xf8\xc9\xf1\x93\xc3?\xf0\x87|7\xf0\xd7\xda\xbf\xb5\
u\xaf\xb7\xda\xdf}\x9b\xed\x16\xb2\xda\xc3\xfb\x9bYe\
\x99\xf7Mq\x12|\x88q\xbb'\x0a\x09\x07\xfc\x15g\
\xf6\xa1\xf8c\xfbJ\x9f\x85\xc3\xe1\xc7\x89\xbf\xe1\x22:\
/\xf6\xa7\xdb\xff\x00\xd0.\xad|\x9f;\xec\x9eW\xfa\
\xf8\x93v|\xa9>\xeeq\xb7\x9cdd\x03\xa9\xfd\xbd\
?o?\x8e\xbf\x05\x7fk\x1f\x1dx7\xc1\x9e9\xfe\
\xc6\xf0\xde\x9b\xf6\x1f\xb2\xd9\x7fdXO\xe5\xf9\x96\x16\
\xf2\xbf\xcf,\x0c\xe7/#\x9eX\xe38\x1c\x00+\xf6\
\x02\xbf\x9do\x85\xdf\xb0_\xc7_\x8d>\x05\xd3<e\
\xe0\xcf\x03\x8dg\xc3z\x97\x9b\xf6[\xdf\xed{\x08<\
\xcf.W\x89\xfeIgW\x18x\xdcr\xa38\xc8\xc8\
 \xd7U\xff\x00\x0e\xb9\xfd\xa7\x7f\xe8\x99\xff\x00\xe5\x7f\
K\xff\x00\xe4\x9a\x00\xfd\xaa\xf8\xe5\xfb.|1\xfd\xa4\
\x8e\x88~#xg\xfe\x12#\xa2\xf9\xff\x00`\xc5\xfd\
\xd5\xaf\x93\xe7y~g\xfa\x89Sv|\xa8\xfe\xf6q\
\xb7\x8cd\xe7\xaa\xf8[\xf0\xb3\xc3\x1f\x05\xbc\x09\xa6x\
7\xc1\xbag\xf6?\x86\xf4\xdf7\xec\xb6_h\x96\x7f\
/\xcc\x95\xe5\x7f\x9eVg9y\x1c\xf2\xc7\x19\xc0\xe0\
\x01_\xce\xbf\xc7/\xd9k\xe2\x7f\xec\xdb\xfd\x89\xff\x00\
\x0b\x1b\xc3?\xf0\x8e\xff\x00my\xff\x00`\xff\x00O\
\xb5\xba\xf3\xbc\x9f/\xcc\xff\x00Q+\xed\xc7\x9b\x1f\xde\
\xc6wq\x9c\x1cu_\x0b\xbf`\xbf\x8e\xbf\x1a|\x0b\
\xa6x\xcb\xc1\x9e\x07\x1a\xcf\x86\xf5/7\xec\xb7\xbf\xda\
\xf6\x10y\x9e\x5c\xaf\x13\xfc\x92\xce\xae0\xf1\xb8\xe5F\
q\x91\x90A\xa0\x0f\xd2\xaf\xda\x93\xf6\x5c\xf8c\xfb\x17\
\xfc\x09\xf17\xc6O\x83~\x19\xff\x00\x84;\xe2G\x86\
\xbe\xcb\xfd\x95\xad\x7fh]_}\x9b\xed\x17QZ\xcd\
\xfb\x9b\xa9e\x85\xf7Cq*|\xe8q\xbb#\x0c\x01\
\x1f\x95\x7f\x1c\xbfj_\x89\xff\x00\xb4\x97\xf6'\xfc,\
o\x13\x7f\xc2E\xfd\x8b\xe7\xfd\x83\xfd\x02\xd6\xd7\xc9\xf3\
\xbc\xbf3\xfdDI\xbb>T\x7f{8\xdb\xc62s\
\xfa\xa9\xfbR~\xd4\x7f\x0c\x7fm\x0f\x81>&\xf87\
\xf0o\xc4\xdf\xf0\x98\xfcH\xf1/\xd9\x7f\xb2\xb4_\xec\
\xfb\xab\x1f\xb4\xfd\x9e\xea+\xa9\xbf}u\x14P\xa6\xd8\
m\xe5\x7f\x9d\xc6v\xe0e\x88\x07\xf3\xff\x00\xfe\x1du\
\xfbN\x0e\x7f\xe1Y\xf1\xff\x00a\xfd/\xff\x00\x92h\
\x03\x95\xf8]\xfbz|u\xf8-\xe0]3\xc1\xbe\x0c\
\xf1\xc0\xd1\xbc7\xa6\xf9\xbfe\xb2\xfe\xc8\xb0\x9f\xcb\xf3\
%y_\xe7\x96\x06s\x97\x91\xcf,q\x9c\x0c\x00\x05\
u_\xf0\xf4o\xdaw\xfe\x8ag\xfeP4\xbf\xfeF\
\xaf\xd7\xff\x00\xd8+\xe1w\x89\xfe\x0b\xfe\xc9\xde\x06\xf0\
o\x8c\xb4\xcf\xeco\x12i\x9fn\xfb]\x97\xda\x22\x9f\
\xcb\xf3/\xee%O\x9e&d9I\x10\xf0\xc7\x19\xc1\
\xe4\x11_\x8a\xdf\x14\x7f`\xbf\x8e\xbf\x05\xbc\x0b\xa9\xf8\
\xcb\xc6~\x07\x1a7\x86\xf4\xdf+\xedW\xbf\xda\xf6\x13\
\xf9~d\xa9\x12|\x91N\xcer\xf2 \xe1N3\x93\
\x80\x09\xa0\x0f\xd2\x9f\xf8%7\xedE\xf1;\xf6\x94\xff\
\x00\x85\xa3\xff\x00\x0b\x1f\xc4\xdf\xf0\x91\x7fb\xff\x00e\
\xfd\x83\xfd\x02\xd6\xd7\xc9\xf3\xbe\xd7\xe6\x7f\xa8\x897g\
\xca\x8f\xefg\x1bx\xc6N~\x7f\xfd\xbd?o?\x8e\
\xbf\x05\x7fk\x1f\x1dx7\xc1\x9e9\xfe\xc6\xf0\xde\x9b\
\xf6\x1f\xb2\xd9\x7fdXO\xe5\xf9\x96\x16\xf2\xbf\xcf,\
\x0c\xe7/#\x9eX\xe38\x1c\x00+\xab\xff\x00\x82\x19\
\xfc\xbf\xf0\xbbs\xc6?\xb13\xff\x00\x93\xf5\xf6\xb7\xc5\
\x1f\xdb\xd3\xe0W\xc1\x7f\x1dj~\x0d\xf1\x97\x8e\x0e\x8d\
\xe2M7\xca\xfbU\x97\xf6E\xfc\xfe_\x99\x12J\x9f\
<P2\x1c\xa4\x88xc\x8c\xe0\xe0\x82(\x03\xe5_\
\xdb\xd7\xf6\x0c\xf8\x15\xf0[\xf6N\xf1\xd7\x8c\xbc\x19\xe0\
s\xa3x\x93M\xfb\x0f\xd9o\x7f\xb5\xef\xe7\xf2\xfc\xcb\
\xfbx\x9f\xe4\x96vC\x94\x91\xc7*q\x9c\x8e@5\
\xca\x7f\xc1\x0c\x8eO\xc6\xcf\xfb\x82\x7f\xed\xfd|\xa9\xff\
\x00\x0e\xb9\xfd\xa7\x7f\xe8\x99\xff\x00\xe5\x7fK\xff\x00\xe4\
\x9a\xf2\xbf\x8e_\xb2\xdf\xc4\xff\x00\xd9\xb3\xfb\x13\xfe\x16\
7\x86\x7f\xe1\x1d\xfe\xda\xf3\xfe\xc1\xfe\x9fku\xe7y\
>_\x9b\xfe\xa2W\xdb\x8f6?\xbd\x8c\xee\xe388\
\x00\xfe\x94\xeb\xf0\x07\xfe\x09q\xff\x00'\xd9\xf0\xcb\xfe\
\xe2\x7f\xfak\xbb\xaf\xb5\x7f`\xaf\xdb\xcf\xe0W\xc1o\
\xd9;\xc0\xbe\x0d\xf1\x9f\x8e\x0e\x8d\xe2M7\xed\xdfj\
\xb2\xfe\xc8\xbf\x9f\xcb\xf3/\xee%O\x9e(\x19\x0eR\
D<1\xc6py\x04W\xe4\x05\x00~\xd4\x7f\xc1V\
\xbfj?\x89\xdf\xb3_\xfc*\xef\xf8W\x1e&\xff\x00\
\x84w\xfbk\xfbS\xed\xff\x00\xe8\x16\xb7^w\x93\xf6\
O+\xfd|O\xb7\x1el\x9fw\x19\xdd\xcep1\xf0\
\x07\xfc=\x1b\xf6\x9d\xff\x00\xa2\x99\xff\x00\x94\x0d/\xff\
\x00\x91\xab\xd5\xbf\xe0\x94\x9f\xb5\x17\xc3\x1f\xd9\xb0\xfcP\
\xff\x00\x85\x8d\xe2o\xf8G\x7f\xb6\xbf\xb2\xfe\xc1\x8b\x0b\
\xab\xaf;\xc9\xfb_\x99\xfe\xa2'\xdb\x8f6?\xbd\x8c\
\xee\xe388\xfd~\xf8[\xf1O\xc3\x1f\x1a|\x09\xa6\
x\xcb\xc1\xba\x9f\xf6\xc7\x86\xf5/7\xec\xb7\xbfg\x96\
\x0f3\xcb\x95\xe2\x7f\x92UW\x18x\xdcr\xa38\xc8\
\xe0\x83@\x1f\x95_\xb0_\xed\xe7\xf1\xd7\xe3W\xedc\
\xe0_\x06\xf8\xcf\xc7?\xdb>\x1b\xd4\xbe\xdd\xf6\xab/\
\xec\x8b\x08<\xcf.\xc2\xe2T\xf9\xe2\x81\x5ca\xe3C\
\xc3\x0c\xe3\x07\x82E}\x01\xff\x00\x05Y\xfd\xa8\xbe'\
~\xcd\x7f\xf0\xab\xbf\xe1\x5cx\x9b\xfe\x11\xdf\xed\xaf\xed\
O\xb7\xff\x00\xa0Z\xddy\xdeO\xd9<\xbf\xf5\xf1>\
\xdcy\xb2}\xdcgw9\xc0\xc2\xfe\xd4\x9f\xb5\x1f\xc3\
\x1f\xdbC\xe0O\x89\xbe\x0d\xfc\x1b\xf17\xfc&?\x12\
<K\xf6_\xec\xad\x17\xfb>\xea\xc7\xed?g\xba\x8a\
\xeao\xdf]E\x14)\xb6\x1by_\xe7q\x9d\xb8\x19\
b\x01O\xf8%7\xec\xbb\xf1;\xf6j\xff\x00\x85\xa2\
~#\xf8g\xfe\x11\xc1\xad\x7fe\xfd\x83\xfd>\xd6\xeb\
\xce\xf2~\xd7\xe6\xff\x00\xa8\x95\xf6\xe3\xcd\x8f\xefc;\
\xb8\xce\x0e\x00>\x00\xff\x00\x87\xa3~\xd3\xbf\xf4S?\
\xf2\x81\xa5\xff\x00\xf25~\xbf\xfe\xde\xbf\x14|O\xf0\
_\xf6N\xf1\xcf\x8c\xbc\x1b\xa9\xff\x00cx\x93L\xfb\
\x0f\xd9/~\xcf\x14\xfe_\x99\x7fo\x13\xfc\x92\xab!\
\xcaH\xe3\x958\xceG \x1a_\x8a?\xb7\xa7\xc0\xaf\
\x82\xfe:\xd4\xfc\x1b\xe3/\x1c\x1d\x1b\xc4\x9ao\x95\xf6\
\xab/\xec\x8b\xf9\xfc\xbf2$\x95>x\xa0d9I\
\x10\xf0\xc7\x19\xc1\xc1\x04W\xe0\x0f\xc2\xdf\x85\xbe'\xf8\
\xd3\xe3\xbd3\xc1\xbe\x0d\xd3?\xb6|I\xa9y\xbfe\
\xb2\xf3\xe2\x83\xcc\xf2\xe2y_\xe7\x95\x95\x06\x127<\
\xb0\xce09 P\x07\xeb\xef\xfc\x12\x93\xf6\xa2\xf8\x9d\
\xfbI\xff\x00\xc2\xd0\x1f\x11\xbcM\xff\x00\x09\x10\xd1\x7f\
\xb2\xfe\xc1\xfe\x81kk\xe4\xf9\xdfk\xf3?\xd4D\x9b\
\xb3\xe5G\xf7\xb3\x8d\xbcc'?\xa0\x15\xfc\xd6|r\
\xfd\x97>'~\xcd\xa3D?\x11\xbc3\xff\x00\x08\xe8\
\xd6\xbc\xff\x00\xb0b\xfe\xd6\xeb\xce\xf2|\xbf3\xfdD\
\xaf\xb7\x1el\x7f{\x19\xdd\xc6pq\xfbS\xff\x00\x04\
\xb8\xff\x00\x93\x13\xf8e\xff\x00q?\xfd:]\xd0\x07\
\xd5TQE\x00\x14QE\x00\x14\x87\xa5-!\xe4P\
\x07\xc0\x1f\xb5\x17\xfc\x12\x97\xfe\x1aS\xe3\xaf\x89\xbe#\
\xff\x00\xc2\xd1\xff\x00\x84s\xfbk\xec\xbf\xf1-\xff\x00\
\x84\x7f\xed^O\x93k\x14\x1f\xeb~\xd4\x9b\xb3\xe5n\
\xfb\xa3\x1b\xb1\xce2|\xaf\xfe\x1ce\xff\x00U\xb3\xff\
\x00-O\xfe\xed\xaeO\xf6\xf4\xfd\xbc\xfe:\xfc\x15\xfd\
\xac|u\xe0\xdf\x06x\xe7\xfb\x1b\xc3zo\xd8~\xcb\
e\xfd\x91a?\x97\xe6X[\xca\xff\x00<\xb03\x9c\
\xbc\x8eyc\x8c\xe0p\x00\xaf\xd0\x0f\xdb\xd7\xe2\x8f\x89\
\xfe\x0b\xfe\xc9\xde9\xf1\x97\x83u?\xeco\x12i\x9f\
a\xfb%\xef\xd9\xe2\x9f\xcb\xf3/\xed\xe2\x7f\x92Ud\
9I\x1cr\xa7\x19\xc8\xe4\x03@\x1f\x15`\x7f\xc1\x17\
\xff\x00\xea\xb1\x7f\xc2\xc9\xff\x00\xb8\x1f\xf6w\xf6\x7f\xfe\
\x04\xf9\xbeg\xdb\xff\x00\xd8\xdb\xe5\x7f\x16\xef\x95\x7f\xe1\
\x86?\xe1\xe4\xff\x00\xf1\x91\xbf\xf0\x9b\x7f\xc2\xba\xff\x00\
\x84\xd3\xfee\xaf\xec\xaf\xedO\xb1\xfd\x93\xfd\x03\xfe>\
|\xe8|\xcd\xff\x00d\xf3?\xd5\xae\xdd\xfby\xdb\xb8\
\xfc\x01\xf1\xcb\xf6\xa4\xf8\x9f\xfbH\xff\x00b\x7f\xc2\xc6\
\xf17\xfc$_\xd8\xbew\xd8?\xd0-m|\x9f;\
\xcb\xf3?\xd4D\x9b\xb3\xe5G\xf7\xb3\x8d\xbcc'=\
W\xc2\xef\xdb\xd3\xe3\xaf\xc1o\x02\xe9\x9e\x0d\xf0g\x8e\
\x06\x8d\xe1\xbd7\xcd\xfb-\x97\xf6E\x84\xfe_\x99+\
\xca\xff\x00<\xb03\x9c\xbc\x8eyc\x8c\xe0`\x00(\
\x03\xf7O\xf6\xa3\xf8\x19\xff\x00\x0d'\xf0+\xc4\xdf\x0e\
\x7f\xb6\xc7\x87\x7f\xb6\xbe\xcb\xff\x00\x13?\xb2}\xab\xc9\
\xf2n\xa2\x9f\xfdV\xf4\xdd\x9f+o\xde\x18\xdd\x9eq\
\x83\xf8\xb1\xfbs~\xc3_\xf0\xc5\xff\x00\xf0\x84\xff\x00\
\xc5m\xff\x00\x09\x89\xf1/\xdb\xbf\xe6\x13\xf6\x1f\xb3}\
\x9f\xec\xff\x00\xf4\xda]\xfb\xbe\xd1\xed\x8d\xbd\xf3\xc3\x7f\
\xe1\xe8\xdf\xb4\xef\xfd\x14\xcf\xfc\xa0i\x7f\xfc\x8d_U\
~\xc2\xe7\xfe\x1eL|l\x7fh\xdf\xf8\xb8\x87\xc1\x7f\
a\xfe\xc1\xff\x00\x98_\xd8\xfe\xd7\xf6\x8f\xb4\xff\x00\xc7\
\x8f\x91\xe6o\xfb%\xbf\xfa\xcd\xdbv|\xb8\xdc\xd9\x00\
\xf2\xbf\xd9w\xfe\x0a\xb5\xff\x00\x0c\xd7\xf0+\xc3?\x0e\
?\xe1W\x7f\xc2G\xfd\x8b\xf6\x9f\xf8\x99\xff\x00\xc2A\
\xf6_;\xce\xba\x96\x7f\xf5_e}\xb8\xf3v\xfd\xe3\
\x9d\xb9\xe38\x1fT\xfe\xcb\xbf\xf0U\xaf\xf8i?\x8e\
\xbe\x19\xf8q\xff\x00\x0a\xbb\xfe\x11\xcf\xed\xaf\xb5\x7f\xc4\
\xcb\xfe\x12\x0f\xb5y>M\xac\xb3\xff\x00\xaa\xfb*n\
\xcf\x95\xb7\xef\x0cn\xcf8\xc1\xfc\xd6\xfd\xbd~\x17x\
c\xe0\xbf\xedc\xe3\x9f\x06\xf87L\xfe\xc7\xf0\xde\x99\
\xf6\x1f\xb2Y}\xa2Y\xfc\xbf2\xc2\xdeW\xf9\xe5f\
s\x97\x91\xcf,q\x9c\x0e\x00\x15\xe5\x7f\x0b~)x\
\x9f\xe0\xb7\x8e\xf4\xcf\x19x7S\xfe\xc6\xf1&\x9b\xe6\
\xfd\x96\xf7\xc8\x8a\x7f/\xcc\x89\xe2\x7f\x92Ud9I\
\x1cr\xa7\x19\xc8\xe4\x03@\x1f\xa5\x1f\xf0\x5c\xcf\xf9\xa2\
x\xff\x00\xa8\xdf\xfe\xd8W\x95\xfe\xcb\xbf\xf0U\xa1\xfb\
6|\x0a\xf0\xcf\xc3\x8f\xf8U\xdf\xf0\x91\xff\x00b\xfd\
\xab\xfe&\x7f\xf0\x90}\x97\xce\xf3\xae\xa5\x9f\xfdW\xd9\
_n<\xdd\xbfx\xe7nx\xce\x07\xca\xbf\x1c\xbfj\
?\x89\xdf\xb4\x90\xd1\x07\xc4o\x13\x7f\xc2D4_?\
\xec\x1f\xe8\x16\xb6\xbeO\x9d\xe5\xf9\x9f\xea\x22M\xd9\xf2\
\xa3\xfb\xd9\xc6\xde1\x93\x9f*\xa0\x0f\xd5O\xf8a\x8f\
\xf8v\xc7\xfcdw\xfc&\xdf\xf0\xb1\x7f\xe1\x0b\xff\x00\
\x99k\xfb+\xfb/\xed\x9fk\xff\x00A\xff\x00\x8f\x9f\
:o/g\xda\xfc\xcf\xf5m\xbbf\xde7n\x09\xff\
\x00\x0f\xcc\xc0\xc7\xfc)/\xfc\xba\xff\x00\xfb\x8a\xbfJ\
\xbe)|,\xf0\xc7\xc6\x9f\x02j~\x0d\xf1\x96\x99\xfd\
\xb1\xe1\xbdK\xca\xfbU\x97\xda%\x83\xcc\xf2\xe5IS\
\xe7\x89\x95\xc6\x1e4<0\xce0x$W\x80\x9f\xf8\
%\xd7\xec\xc6NO\xc3C\x9f\xfb\x0f\xea\x9f\xfc\x93@\
\x1f*\x7f\xc3\xf3\x7f\xea\x89\xff\x00\xe5\xd7\xff\x00\xdcU\
\xf5O\xfc\x15\x1b\xfeLS\xe2f:\xff\x00\xc4\xb3\xff\
\x00Nv\x94\xbf\xf0\xeb\xaf\xd9\x8f\xfe\x89\x99\xff\x00\xc1\
\xfe\xa9\xff\x00\xc95\xf0\x07\xec\xb7\xfbQ\xfcN\xfd\xb4\
>;xg\xe0\xdf\xc6O\x13\x7f\xc2c\xf0\xdf\xc4\xbf\
j\xfe\xd5\xd1~\xc1kc\xf6\x9f\xb3\xda\xcbu\x0f\xef\
\xadb\x8ad\xdb5\xbcO\xf28\xce\xdc\x1c\xa9 \x80\
z\xa7\xfc\x10\xccc\xfe\x17f\x7f\xea\x09\xff\x00\xb7\xf5\
\xea\xbf\xb5\x17\xfc\x12\x9b\xfe\x1aO\xe3\xaf\x89\xbe#\xff\
\x00\xc2\xd1\xff\x00\x84s\xfbk\xec\xdf\xf1,\xff\x00\x84\
\x7f\xed^O\x93k\x14\x1f\xeb~\xd4\x9b\xb3\xe5n\xfb\
\xa3\x1b\xb1\xce2~\xaa\xf8\x1b\xfb-\xfc0\xfd\x9bF\
\xb7\xff\x00\x0a\xe7\xc3?\xf0\x8e\xff\x00my\x1fo\xff\
\x00O\xba\xba\xf3\xbc\x9f3\xca\xff\x00_+\xed\xc7\x9b\
'\xdd\xc6ws\x9c\x0c~j\xfe\xde\x9f\xb7\x9f\xc7_\
\x82\xbf\xb5\x8f\x8e\xbc\x1b\xe0\xcf\x1c\xff\x00cxoM\
\xfb\x0f\xd9l\xbf\xb2,'\xf2\xfc\xcb\x0by_\xe7\x96\
\x06s\x97\x91\xcf,q\x9c\x0e\x00\x14\x01\xf4\x07\xec\xbb\
\xff\x00\x05Z\xff\x00\x86\x94\xf8\xeb\xe1\x9f\x87\x1f\xf0\xab\
\xbf\xe1\x1c\xfe\xda\xfbW\xfcL\xbf\xe1 \xfbW\x93\xe4\
\xda\xcb?\xfa\xaf\xb2\xa6\xec\xf9[~\xf0\xc6\xec\xf3\x8c\
\x1fT\xfd\xb9\xbfa\x9f\xf8m\x0f\xf8B\x7f\xe2\xb6\xff\
\x00\x84;\xfe\x11\xaf\xb6\xff\x00\xcc+\xed\xdfi\xfbG\
\xd9\xff\x00\xe9\xb4[6\xf9\x1e\xf9\xdd\xdb\x1c\xfeV\xff\
\x00\xc1.?\xe4\xfb>\x19\x7f\xdcO\xff\x00Mwu\
\xf7\xf7\xfc\x15k\xf6\xa2\xf8\x9d\xfb6\x0f\x85\xc3\xe1\xcf\
\x89\xbf\xe1\x1d\x1a\xd7\xf6\xa7\xdb\xff\x00\xd0-n\xbc\xef\
'\xec\x9e_\xfa\xf8\x9fn<\xd9>\xee3\xbb\x9c\xe0\
`\x03\xf2\xb3\xf6\xa3\xf8\x1b\xff\x00\x0c\xd9\xf1\xd7\xc4\xdf\
\x0e?\xb6\xff\x00\xe1\x22\xfe\xc5\xfb/\xfcL\xbe\xc9\xf6\
_;\xce\xb5\x8a\x7f\xf5[\xdfn<\xdd\xbfx\xe7n\
x\xce\x07\xd5_\xb5\x17\xfc\x12\x93\xfe\x19\xaf\xe0W\x89\
\xbe#\xff\x00\xc2\xd1\xff\x00\x84\x8f\xfb\x17\xec\xbf\xf1,\
\xff\x00\x84\x7f\xec\xbew\x9du\x14\x1f\xeb~\xd4\xfbq\
\xe6\xee\xfb\xa7;q\xc6r>+\xf8\xa5\xf1K\xc4\xff\
\x00\x1a|w\xa9\xf8\xcb\xc6Z\x9f\xf6\xcf\x895/+\
\xedW\xbeDPy\x9e\x5cI\x12|\x91*\xa0\xc2F\
\x83\x85\x19\xc6O$\x9a\xfe\x94\xbe)|,\xf0\xc7\xc6\
\x9f\x02j~\x0d\xf1\x96\x99\xfd\xb1\xe1\xbdK\xca\xfbU\
\x97\xda%\x83\xcc\xf2\xe5IS\xe7\x89\x95\xc6\x1e4<\
0\xce0x$P\x07\xf3\x07\xce}+\xef\xff\x00\xd9\
w\xfe\x0a\xb5\xff\x00\x0c\xd7\xf0+\xc3?\x0e?\xe1W\
\x7f\xc2G\xfd\x8b\xf6\x9f\xf8\x99\xff\x00\xc2A\xf6_;\
\xce\xba\x96\x7f\xf5_e}\xb8\xf3v\xfd\xe3\x9d\xb9\xe3\
8\x1f\x7f\x9f\xf8%\xdf\xec\xc9\x9c\xff\x00\xc2\xb49\xeb\
\x9f\xed\xfdS\xff\x00\x92k\xf1\xff\x00\xf6\xf5\xf8]\xe1\
\x8f\x82\xff\x00\xb5\x8f\x8e|\x1b\xe0\xdd3\xfb\x1f\xc3z\
g\xd8~\xc9e\xf6\x89g\xf2\xfc\xcb\x0by_\xe7\x95\
\x99\xce^G<\xb1\xc6p8\x00P\x07W\xff\x00\x04\
\xb9\xff\x00\x93\xeb\xf8g\x9e\x9f\xf13\xff\x00\xd3e\xdd\
~\xa9~\xdc\xbf\xb70\xfd\x8b\xff\x00\xe1\x09\xff\x00\x8a\
'\xfe\x13\x1f\xf8I~\xdb\xff\x001o\xb0\xfd\x9b\xec\
\xff\x00g\xff\x00\xa6\x12\xef\xdd\xe7\xfbco|\xf1\xe5\
\x9f\xb5'\xec\xb9\xf0\xc7\xf6/\xf8\x13\xe2o\x8c\x9f\x06\
\xfc3\xff\x00\x08w\xc4\x8f\x0d}\x97\xfb+Z\xfe\xd0\
\xba\xbe\xfb7\xda.\xa2\xb5\x9b\xf77R\xcb\x0b\xee\x86\
\xe2T\xf9\xd0\xe3vF\x18\x02?*\xfe9\xfe\xd4\x9f\
\x13\xbfi1\xa2\x8f\x88\xfe&\xff\x00\x84\x8b\xfb\x17\xcf\
\xfb\x07\xfa\x05\xad\xaf\x93\xe7y~o\xfa\x88\x93v|\
\xa8\xfe\xf6q\xb7\x8cd\xe4\x00\xfd\xa8\xfe9\xff\x00\xc3\
I\xfcu\xf17\xc4q\xa2\xff\x00\xc2;\xfd\xb5\xf6_\
\xf8\x96}\xaf\xed^O\x93k\x14\x1f\xebv&\xec\xf9\
[\xbe\xe8\xc6\xecs\x8c\x93\xf6\x5c\xf8\xe5\xff\x00\x0c\xd9\
\xf1\xd7\xc3?\x11\xff\x00\xb1?\xe1\x22\xfe\xc5\xfbW\xfc\
K~\xd7\xf6_;\xce\xb5\x96\x0f\xf5\xbb\x1fn<\xdd\
\xdft\xe7n8\xceG\x95W\xef\xf7\xfc:\xeb\xf6c\
\xff\x00\xa2f\x7f\xf0\x7f\xaa\x7f\xf2M\x00~U\xfe\xdc\
\xdf\xb7/\xfc6\x87\xfc!?\xf1D\xff\x00\xc2\x1d\xff\
\x00\x08\xdf\xdb\x7f\xe6+\xf6\xef\xb4\xfd\xa3\xec\xff\x00\xf4\
\xc2-\x9b|\x8f|\xee\xed\x8e}W\xf6]\xff\x00\x82\
\xad\x7f\xc35\xfc\x0a\xf0\xcf\xc3\x81\xf0\xbb\xfe\x12?\xec\
_\xb5\x7f\xc4\xcb\xfe\x12\x0f\xb2\xf9\xdeu\xd4\xb3\xff\x00\
\xaa\xfb+\xed\xc7\x9b\xb7\xef\x1c\xed\xcf\x19\xc0?\xe0\xab\
\x7f\xb2\xef\xc3\x1f\xd9\xaf\xfe\x15w\xfc+\x8f\x0c\xff\x00\
\xc2;\xfd\xb5\xfd\xa9\xf6\xff\x00\xf4\xfb\xab\xaf;\xc9\xfb\
'\x95\xfe\xbeW\xdb\x8f6O\xbb\x8c\xee\xe78\x18\xf8\
\x02\x80?\xaa\x8a(\xa2\x80\x0a(\xa2\x80\x0aC\xd2\x96\
\x90\xf4\xa0\x0f\xc0/\xf8*?\xfc\x9fg\xc4\xdf\xfb\x86\
\x7f\xe9\xae\xd2\xbfU?\xe1\xe8\xbf\xb3\x1f\xfd\x14\xc3\xff\
\x00\x82\x0dS\xff\x00\x91\xab\xf2\xaf\xfe\x0a\x8f\xff\x00'\
\xd9\xf17\xfe\xe1\x9f\xfak\xb4\xaf*\xfd\x97>\x06\xff\
\x00\xc3I\xfcu\xf0\xcf\xc3\x8f\xed\xbf\xf8G\x7f\xb6\xbe\
\xd5\xff\x00\x13/\xb2}\xab\xc9\xf2me\x9f\xfdV\xf4\
\xdd\x9f+o\xde\x18\xdd\x9eq\x82\x01\xfbR\x7f\xe0\xa8\
\xbf\xb3\x1f\xfd\x14\xcf\xfc\xa0j\x9f\xfc\x8d_\x00~\xd4\
\x9f\xb2\xe7\xc4\xef\xdbC\xe3\xb7\x89\xbe2|\x1b\xf0\xcf\
\xfc&?\x0d\xfcK\xf6_\xec\xadk\xed\xf6\xb6?i\
\xfb=\xacV\xb3~\xe6\xeaX\xa6M\xb3[\xca\x9f:\
\x0c\xed\xc8\xca\x90O\xaa\x7f\xc3\x8d;\x8f\x8d\xbf\xf9j\
\x7f\xf7m}\xff\x00\xfb.|\x0c\x1f\xb3g\xc0\xaf\x0c\
\xfc9\xfe\xdb\x1e\x22\xfe\xc5\xfbW\xfcL\xfe\xc9\xf6_\
;\xce\xba\x96\x7f\xf5[\xdfn<\xdd\xbfx\xe7nx\
\xce\x00\x07\xe1g\xec\x15\xf1G\xc3\x1f\x05\xff\x00k\x1f\
\x03x\xcb\xc6Z\x9f\xf6?\x86\xf4\xcf\xb7}\xae\xf7\xec\
\xf2\xcf\xe5\xf9\x96\x17\x11'\xc9\x12\xb3\x9c\xbc\x888S\
\x8c\xe4\xf0\x09\xaf\xdd?\x81\xbf\xb5\x1f\xc3\x1f\xdaK\xfb\
l|9\xf17\xfc$GE\xf2>\xdf\xfe\x81uk\
\xe4\xf9\xdeg\x97\xfe\xbe$\xdd\x9f*O\xbb\x9cm\xe7\
\x19\x19\xf8\x03\xfe\x1ce\xff\x00U\xb3\xff\x00-O\xfe\
\xed\xaf\xaa\xbfa\x9f\xd8g\xfe\x18\xbf\xfe\x13o\xf8\xad\
\xbf\xe11\xff\x00\x84\x93\xec_\xf3\x09\xfb\x0f\xd9\xbe\xcf\
\xf6\x8f\xfao.\xfd\xde\x7f\xb66\xf7\xcf\x00\x1f\x95\x9f\
\xf0T\x7f\xf9>\xcf\x89\xbf\xf7\x0c\xff\x00\xd3]\xa5r\
\x9f\x14\x7f`\xbf\x8e\xbf\x05\xbc\x0b\xa9\xf8\xcb\xc6~\x07\
\x1a7\x86\xf4\xdf+\xedW\xbf\xda\xf6\x13\xf9~d\xa9\
\x12|\x91N\xcer\xf2 \xe1N3\x93\x80\x09\xae\xaf\
\xfe\x0a\x8f\xff\x00'\xd9\xf17\xfe\xe1\x9f\xfak\xb4\xaf\
\xaa\x7f\xe1\xb9\xff\x00\xe1\xe4\xff\x00\xf1\x8e?\xf0\x84\xff\
\x00\xc2\xba\xff\x00\x84\xd3\xfef_\xed_\xedO\xb1\xfd\
\x93\xfd?\xfe=\xbc\x98|\xcd\xff\x00d\xf2\xff\x00\xd6\
.\xdd\xfb\xb9\xdb\xb4\x80|\x03\xf07\xf6Z\xf8\x9f\xfb\
I\x7fm\xff\x00\xc2\xb9\xf0\xcf\xfc$_\xd8\xbeG\xdb\
\xff\x00\xd3\xedm|\x9f;\xcc\xf2\xff\x00\xd7\xca\x9b\xb3\
\xe5I\xf7s\x8d\xbc\xe3#>\xa9\xff\x00\x0e\xb9\xfd\xa7\
\x7f\xe8\x99\xff\x00\xe5\x7fK\xff\x00\xe4\x9a\xfdT\xfd\x86\
\x7fa\x9f\xf8b\xff\x00\xf8MO\xfc&\xdf\xf0\x98\xff\
\x00\xc2K\xf6/\xf9\x85}\x87\xec\xdfg\xfbG\xfd7\
\x97~\xef?\xdb\x1b{\xe7\x8f\xaa\xb8\xa0\x0f\x0b\xfd\xb7\
\xbe\x10\xf8\x87\xe3\xcf\xec\xc7\xe2\xff\x00\x02xV;y\
5\xddbM= \xfb\x5c\xbeTJ\x12\xfe\xdeY\x1d\
\xdb\x07\x01R7n\x01'\x18\x00\x92\x01\xe0\x7fa_\
\xd8\xd6\xc3\xf69\xb3\xf1rG\xe3&\xf1}\xfe\xbf\xf6\
4\xbc0\xe9\xe6\x18\xad\xa4\xb7\xf3\xfeU\xc3\xb9?\xeb\
\xc89 \xfc\xa3\x81\x9c\x0f\xa9udk\x8b\x19\xa1I\
^\x16\x90\xac^dg\x0c\xa1\x88\x04\x83\xd8\xe0\x9ek\
\x17\xc6\xbe5\xd0\xbe\x18xV\xe3V\xd5\xae\x12\xcbN\
\xb5L*(\xe5\xdb\xa2\xa2/v=\x87\xf4\xc9\xaa\x8c\
e9(A]\xb3:\x95!J\x0esvKvo\
5\xfcC\x9cJ?\xed\x8b\xff\x00\x85~{\xfc\x0d\xfd\
\x82\xfe\x15~\xc9\x1f\x1c|=\xe3\xcb\x8f\x8c\x12M\xaa\
h\xa2\xe0\xae\x97\xa9\xc3\x15\xbf\x98&\xb6\x96\x03\x9f\x9b\
p\xc0\x94\x91\xc7j\xeauo\x89\x7f\x14\x7fi\xcdF\
\xf6\x0f\x0e\xb9\xf0\xa7\x83!\xf9f\xbb\x92o\x22\x14^\
\xa4\xcd0\xe5\x9b\x1c\x14N\x06FF9\xaex|\x1f\
\xf8_\xa1\x05]_\xc5Z\xef\x89/\x8f2\xb6\x8b\x04\
p\xc2\x1b\xd3t\xb9-\xf5\x1f\xa5{\xd2\xcb\xf0\xb8%\
\xff\x00\x0a\x15\xf9e\xfc\xb1Wk\xd7\xa1\xf1Ux\x8a\
\xa5]pT\x93\x87\xf3M\xf2\xa7\xe8\xb7g\xd9\xb6\x1f\
\x1d>\x1fj\x93%\xbd\xaf\x8ct\x89\xa6s\xb5c[\
\xa5\xdc\xc7\xd0\x0a\xf9;\xf6\x8e\xff\x00\x82a\xf8[\xf6\
\x91\xf8\xcf\xe2\x1f\x88\xd7\xde;\xd6t\x8b\xadd[n\
\xb2\xb5\xd3\x16H\xe3\xf2\xad\xa2\x80a\x89\xc9\xc8\x88\x1f\
\xc6\xb1\x7f\xe1Z|\x1f\xd5\x1b\xca\x8bR\xf1^\x88\xe4\
an.\x96\x09\xe2S\xea\xca\x83w\xe5W\xec\xf4\xff\
\x00\x89_\x00-W\xc4\x1e\x0e\xf1\x1c~1\xf0lm\
\x99\xd6\x12\xd2C\x18\x1cbh\x09\xdd\x11\xe7\xaa\xf4\xc7\
$R\xa7\x83\xcb\xf1\x9e\xee\x0f\x11\xeftRV\xbf\xa3\
\xd8\x9a\x5cC\x89\xa7\xefb(\xa7\x1e\xae\x12\xbd\xbc\xda\
z\xd8\xfa\x7f\xf6\x9c\xf8G\xa7~\xd1\x1f\x03\xfcI\xf0\
\xfbP\xd5\xee|?g\xab\xfd\x98\xc9\xa8\xc7hd0\
\x88nb\x9f\xee\x9c\x03\x93\x169#\x00\xe6\xbf\x10\x7f\
l\x1f\xd8{\xc5\xdf\xb2N\xa5cwy}o\xe2o\
\x05\xea\xb2yzo\x88\xec\xd3\xcbY_f\xef.X\
\xf2\xde[\x91\x96\x03s\x06PHc\x86\x0b\xfb\x8d\xf0\
;\xe3\xce\x8b\xf1\xabDi\xed\xbf\xd0\xb5{p>\xd7\
\xa6\xc8\xd9h\xc9\xfe%?\xc4\x87\xb1\xfc\xf1^Y\xff\
\x00\x05\x0d\xf0\xdd\x9d\xf7\xecs\xf1j\x09\xe2Y`\x8e\
\xce\x0dB\x14q\x91\x0c\xabq\x1bnO\xee\xe4\xa6x\
\xee\xcd\xeas\xe3V\xa3S\x0fQ\xd2\xaa\xad$}\x96\
\x1f\x13K\x17J5\xa8\xca\xf1}H\xbf\xe0\x97\x1f\xf2\
b\x7f\x0c\xbf\xee'\xff\x00\xa7K\xba\xf0\x0f\xdb\xd7\xf6\
\xf3\xf8\x15\xf1\xa7\xf6N\xf1\xd7\x83|\x19\xe3\x83\xac\xf8\
\x93R\xfb\x0f\xd9l\xbf\xb2/\xe0\xf3<\xbb\xfby_\
\xe7\x96\x05A\x84\x8d\xcf,3\x8c\x0eH\x15\xef\xff\x00\
\xf0K\x9f\xf91O\x86\x7f\xf7\x13\xff\x00\xd3\x9d\xdd|\
\x03\xfbQ\x7f\xc1)\x7f\xe1\x9b>\x05x\x9b\xe29\xf8\
\xa3\xff\x00\x09\x1f\xf6/\xd9\x7f\xe2Y\xff\x00\x08\xff\x00\
\xd9|\xef:\xea(?\xd6\xfd\xa9\xf6\xe3\xcd\xdd\xf7N\
v\xe3\x8c\xe4bt\x9f\x9f\xf8\xe7\x15\xfa\xff\x00\xfb\x05\
~\xde\x7f\x02\xbe\x0b~\xc9\xde\x05\xf0o\x8c\xfcpt\
o\x12i\xbfn\xfbU\x97\xf6E\xfc\xfe_\x99\x7fq\
*|\xf1@\xc8r\x92!\xe1\x8e3\x83\xc8\x22\xbf \
Ns\x9aL\xd0\x07\xdf\xff\x00\xb2\xdf\xec\xb9\xf1;\xf6\
/\xf8\xed\xe1\x9f\x8c\x9f\x19<3\xff\x00\x08w\xc3\x7f\
\x0d}\xab\xfbWZ\xfb}\xad\xf7\xd9\xbe\xd1k-\xac\
?\xb9\xb5\x96Y\x9ft\xd7\x11'\xc8\x87\x1b\xb2p\xa0\
\x91\xfa\xa7\xf07\xf6\xa4\xf8a\xfbI\x0do\xfe\x15\xcf\
\x89\xbf\xe1\x22\xfe\xc5\xf2>\xdf\xfe\x81uk\xe4\xf9\xde\
g\x95\xfe\xbe$\xdd\x9f*O\xbb\x9cm\xe7\x19\x19\xf2\
\xaf\xf8*7\xfc\x98\xa7\xc4\xccu\xff\x00\x89g\xfe\x9c\
\xed+\xf2\xb3\xf6\x1a\xfd\xb9\xff\x00\xe1\x8b\xff\x00\xe16\
\xcf\x82\x7f\xe11>%\xfb\x17\xfc\xc5\xbe\xc3\xf6o\xb3\
\xfd\xa3\xfe\x98K\xbfw\xda=\xb1\xb7\xbex\x00\xf7\xef\
\xdb\xd3\xf6\x0c\xf8\xeb\xf1\xab\xf6\xb1\xf1\xd7\x8c\xbc\x19\xe0\
o\xed\x9f\x0d\xea_a\xfb-\xef\xf6\xbd\x84\x1eg\x97\
ao\x13\xfc\x92\xce\xae0\xf1\xb8\xe5Fq\x91\xc1\x06\
\xbd_\xf6\xf5\xfd\xbc\xfe\x05|i\xfd\x93\xbcu\xe0\xdf\
\x06x\xe0\xeb>$\xd4\xbe\xc3\xf6[/\xec\x8b\xf8<\
\xcf.\xfe\xdeW\xf9\xe5\x81Pa#s\xcb\x0c\xe3\x03\
\x92\x05}\xa7\xfb.|r\xff\x00\x86\x93\xf8\x15\xe1\x9f\
\x88\xff\x00\xd8\x9f\xf0\x8e\xff\x00m}\xab\xfe%\xbfk\
\xfbW\x93\xe4\xddK\x07\xfa\xdd\x89\xbb>V\xef\xba1\
\xbb\x1c\xe3'\xf2\xb3\xf6\xa2\xff\x00\x82R\xff\x00\xc36\
|\x0a\xf17\xc4o\xf8Z?\xf0\x91\xff\x00b\xfd\x97\
\xfe%\x9f\xf0\x8f\xfd\x97\xce\xf3\xae\xa2\x83\xfdo\xda\x9f\
n<\xdd\xdft\xe7n8\xce@\x07\xca\xbf\x03\x7fe\
\xbf\x89\xdf\xb4\x97\xf6\xd9\xf8s\xe1\x9f\xf8H\x86\x8b\xe4\
}\xbf\xfd>\xd6\xd7\xc9\xf3\xbc\xcf/\xfd|\xa9\xbb>\
T\x9fw8\xdb\xce23\xfb\xa7\xfb\x05|.\xf1?\
\xc1\x7f\xd9;\xc0\xde\x0d\xf1\x96\x99\xfd\x8d\xe2M3\xed\
\xdfk\xb2\xfbDS\xf9~e\xfd\xc4\xa9\xf3\xc4\xcc\x87\
)\x22\x1e\x18\xe38<\x82+\xe2\xbf\xf8!\x9f'\xe3\
f\x7f\xea\x09\xff\x00\xb7\xf5\xfa\xa7\xc5\x00-\x14Q@\
\x05\x14Q@\x05!\xe9KHx\x14\x01\xf8\x05\xff\x00\
\x05G\xff\x00\x93\xec\xf8\x9b\xff\x00p\xcf\xfd5\xdaW\
\x80|-\xf8\xa5\xe2\x7f\x82\xde;\xd3<e\xe0\xddO\
\xfb\x1b\xc4\x9ao\x9b\xf6[\xdf\x22)\xfc\xbf2'\x89\
\xfeIU\x90\xe5$q\xca\x9cg#\x90\x0d}\xfb\xfb\
z~\xc1\x9f\x1d~5~\xd6>:\xf1\x97\x83<\x0d\
\xfd\xb3\xe1\xbdK\xec?e\xbd\xfe\xd7\xb0\x83\xcc\xf2\xec\
-\xe2\x7f\x92Y\xd5\xc6\x1e7\x1c\xa8\xce28 \xd7\
\xc0_\x0b~\x16\xf8\x9f\xe3O\x8e\xf4\xcf\x06\xf87L\
\xfe\xd9\xf1&\xa5\xe6\xfd\x96\xcb\xcf\x8a\x0f3\xcb\x89\xe5\
\x7f\x9eVT\x18H\xdc\xf2\xc38\xc0\xe4\x81@\x1f\xaf\
\x9f\xf0J_\xda\x8b\xe2w\xed&>(\x8f\x88\xfe&\
\xff\x00\x84\x88h\xbf\xd9\x7f`\xff\x00@\xb5\xb5\xf2|\
\xef\xb5\xf9\x9f\xea\x22M\xd9\xf2\xa3\xfb\xd9\xc6\xde1\x93\
\x9f\x00\xfd\xbd?o?\x8e\xbf\x05\x7fk\x1f\x1dx7\
\xc1\x9e9\xfe\xc6\xf0\xde\x9b\xf6\x1f\xb2\xd9\x7fdXO\
\xe5\xf9\x96\x16\xf2\xbf\xcf,\x0c\xe7/#\x9eX\xe38\
\x1c\x00+\xab\xfd\x85\xcf\xfc;g\xfe\x13c\xfbF\xff\
\x00\xc5\xbb\x1e4\xfb\x0f\xf6\x0f\xfc\xc5>\xd9\xf6O\xb4\
}\xa7\xfe<|\xff\x00/g\xda\xed\xff\x00\xd6m\xdd\
\xbf\xe5\xce\xd6\xc7\xd5\x7f\xf0\xf4_\xd9\x8f\xfe\x8aa\xff\
\x00\xc1\x06\xa9\xff\x00\xc8\xd4\x01\xf9U\xff\x00\x0fF\xfd\
\xa7\x7f\xe8\xa6\x7f\xe5\x03K\xff\x00\xe4j\xfb\xff\x00\xfe\
\x09K\xfbQ\xfcN\xfd\xa5?\xe1h\xff\x00\xc2\xc7\xf1\
7\xfc$_\xd8\xbf\xd9\x7f`\xff\x00@\xb5\xb5\xf2|\
\xef\xb5\xf9\xbf\xea\x22M\xd9\xf2\xa3\xfb\xd9\xc6\xde1\x93\
\x9f\xcdo\xd8+\xe2\x8f\x86>\x0b\xfe\xd6>\x06\xf1\x97\
\x8c\xb5?\xec\x7f\x0d\xe9\x9fn\xfb]\xef\xd9\xe5\x9f\xcb\
\xf3,.\x22O\x92%g9y\x10p\xa7\x19\xc9\xe0\
\x13_j~\xdd\x1f\xf1\xb2_\xf8B\x7f\xe1\x9c\xbf\xe2\
\xe2\x7f\xc2\x15\xf6\xef\xed\xec\xff\x00\xc4\xaf\xec\x7fk\xfb\
?\xd9\xbf\xe3\xfb\xc9\xf37\xfd\x92\xe3\xfd^\xed\xbb>\
ln\x5c\x80|\xad\xff\x00\x05G\xff\x00\x93\xec\xf8\x9b\
\xff\x00p\xcf\xfd5\xdaW\x80|-\xf8\xa5\xe2\x7f\x82\
\xde;\xd3<e\xe0\xddO\xfb\x1b\xc4\x9ao\x9b\xf6[\
\xdf\x22)\xfc\xbf2'\x89\xfeIU\x90\xe5$q\xca\
\x9cg#\x90\x0d\x1f\x14\xbe\x16\xf8\x9f\xe0\xb7\x8e\xf5?\
\x06\xf8\xcbL\xfe\xc6\xf1&\x9b\xe5}\xaa\xcb\xcf\x8a\x7f\
/\xcc\x89%O\x9e&d9I\x10\xf0\xc7\x19\xc1\xe4\
\x11_\xbf\xdf\x0b\xbfoO\x81_\x1a<u\xa6x7\
\xc1\xbe8:\xcf\x895/7\xec\xb6_\xd9\x17\xf0y\
\x9e\x5cO+\xfc\xf2\xc0\xa80\x91\xb9\xe5\x86q\x81\x92\
@\xa0\x0f\xc7\xff\x00\xf8z/\xed9\x8c\x7f\xc2\xcb\x18\
\xe9\x8f\xec\x0d/\xff\x00\x91\xab\xf5\xff\x00\xf6\x0a\xf8\xa3\
\xe2\x7f\x8d\x1f\xb2w\x81\xbce\xe3-O\xfbg\xc4\x9a\
\x9f\xdb\xbe\xd7{\xf6x\xa0\xf3<\xbb\xfb\x88\x93\xe4\x89\
U\x06\x124\x1c(\xce2y$\xd7\xc5_\xf0\x5c\xd3\
\x9f\xf8Rdt?\xdb\x7f\xfba_U\xff\x00\xc1.\
?\xe4\xc4\xfe\x19\x7f\xdcO\xff\x00N\x97t\x01\xf4\xed\
\xe1\xc2\x9f\xfa\xe9\x17\xfe\x86+\xe2\x1f\x88\xda\xbd\xdf\xed\
;\xf1\xde]\x02+\xc3k\xe0\xaf\x0f\x19\x1e{\x848\
D\x86<\x09\xa69\xe0\xb37\xca\xa7\xd3\x07\x1f{<\
\xa7\xec!\xf07\xe2g\xec\x95\xfb=\xfcb\x9f\xc7Z\
\x07\xfc#z\xac\xad\x1d\xf6\x9e\xbfm\xb6\xba\xdec\x89\
\x86\xec\xc3#\x81\x86+\xc3b\xae\xfc$\xff\x00\x89\x07\
\xc0/\x12\xea\x88\xbf\xe9\xba\xee\xb3\x1e\x98\xf3\x1f\xbc!\
\x8e1)\xc1\xf7f \xfa\xd7\xd0`$\xb0XJ\xf9\
\x87\xda\x8d\xa3\x1f&\xfa\xfd\xc7\xc3q\x15oiV\x96\
\x0e_\x05\x9c\xe5\xe6\xa3\xb2\xf9\xbd\xcdo\x1cx\xe15\
\x98\xa1\xd14H?\xb2|#\xa7\xfc\x96:ld\x81\
\x80\x7f\xd6I\xfd\xe7$\x92I\xc9\xe7\xd7$\xc3\xe1\x9f\
\x86> \xf1N\x9f&\xa3mm\x1d\xb6\x99\x1f\xde\xbe\
\xbe\x99`\x87\xf0f#?\x86qK\xf0\xc7\xc3\x96\x9e\
'\xf1l\x10\xeaRyZ]\xb4R^^8\xff\x00\
\x9eQ\xa9f\x1f\x8e\x00\xfck\xce|[\xe2\xef\x15\xfe\
\xd1\x1e>\x8bM\xd3a\x96H]\xccZ^\x8b\x03l\
\x86\xde\x15\xce\xde3\xb4\x10\xa3,\xc7\xf4\x00\x01\xe3e\
\x19=L\xees\xadZ|\xb0\x8e\xaeL\xf8\xaa\xf5\xe3\
\x18\xaa\xd5\x93\x93\x93\xb4b\xb4\xbd\xbf$\xafec\xd4\
\xae\xfe\x0e\xf8\x86=:k\xeb\x1f\xb0\xeb\x96\xd0\xf3+\
\xe97irS\xfe\x02\xa7?\x90\xac?\x09x\xc3T\
\xf0F\xac\xb7\xdad\xe6)\x07\xcb$O\xccs't\
u\xe8G\xf9\x15\xc0x\x8f\xc1\x9e=\xfd\x9d<M\xa7\
]\xdc\xf9\xba-\xf3\xfe\xf2\xda\xee\xd2p\xd1\xcb\xb4\x8d\
\xcb\x91\xc1\x03#*\xde\xbd0k\xd6\xfciwi\xe3\
o\x09\xf8s\xc7\xb6p\xc7i6\xb0\xb2A\xa8\xda\xc2\
\xb8D\xbb\x8c\x80\xec\xa3<\x07\xeb\x8f\xc7\x9c\xd6\xd9\xbe\
C\xfd\x9bJ8\xbc5^zo\xaa\x15*\xaaR\x9f\
$\x1d:\xb4\xf5q}\xbb\xa7e\xf7\x18\xfe5\x84|\
*\xf1/\x87\xbe-x\x02\x13g\xa2\xdfLc\xbb\xd3\
\xd4\xe1-\xae:\xcbn\x7f\xd8p\x09\x1cq\x8e1\xf2\
\xd7\xaf\xfe\xda\xde%\xb3\xf1\x8f\xec5\xf1'[\xd3\xe4\
\x12\xd9\xdf\xf8v\x19\xe3l\xf3\x86\x95N\x0f\xb8\xe8G\
\xa8\xaf4\xf0\xd2'\x88>\x18\xfcD\xf0\xe4\xe9\xe6E\
\xfd\x96\xda\xbc\x19\xea\x93[\x90\xdf/\xa6A\xc7\xd0W\
u\xfb2\xfc_\xd2|\x15\xfb6x\x83]\xf1n\xa1\
\xfd\x9f\xa0x^fI\xef<\x99%1BX8;\
#Vf\xf9\xa5#\x80{zW\xa5:\xaf1\xca\xa1\
\x8a\xa9\xf1\xd3|\xad\xf7Oo\x9a>\xab\x22\xae\xe9c\
}\x94~\x0a\xb1\xe6\xb7E$\xed+y=\xcb\x7f\xf0\
K\x8f\xf91O\x86\x7f\xf7\x13\xff\x00\xd3\x9d\xdd}\x01\
\xf1K\xe1g\x86>4\xf8\x13S\xf0o\x8c\xb4\xcf\xed\
\x8f\x0d\xea^W\xda\xac\xbe\xd1,\x1eg\x97*J\x9f\
<L\xae0\xf1\xa1\xe1\x86q\x83\xc1\x22\xbf\x00?o\
?\x8a\x1e\x19\xf8\xcf\xfbW\xf8\xe3\xc6^\x0e\xd4\xff\x00\
\xb6<9\xa9\x0b\x1f\xb2\xde\xfd\x9eX<\xcf.\xc2\xde\
'\xf9%Uq\x87\x8d\xc7*3\x8c\x8e\x085\xe5\x9f\
\x0b~\x16\xf8\x9f\xe3O\x8e\xf4\xcf\x06\xf87L\xfe\xd9\
\xf1&\xa5\xe6\xfd\x96\xcb\xcf\x8a\x0f3\xcb\x89\xe5\x7f\x9e\
VT\x18H\xdc\xf2\xc38\xc0\xe4\x81^\x01\xfa)\xf6\
\xa7\xfc\x15o\xf6]\xf8c\xfb6\x1f\x85\xff\x00\xf0\xae\
|3\xff\x00\x08\xef\xf6\xd7\xf6\xa7\xdb\xf3\x7fuu\xe7\
y?d\xf2\xff\x00\xd7\xca\xfbq\xe6\xc9\xf7q\x9d\xdc\
\xe7\x03\x1f\x00W\xaa\xfcq\xfd\x96\xfe'\xfe\xcd\xdf\xd8\
\x9f\xf0\xb1\xbc3\xff\x00\x08\xf7\xf6\xd7\x9d\xf6\x0c_\xda\
\xddy\xdeO\x97\xe6\x7f\xa8\x95\xf6\xe3\xcd\x8f\xefc;\
\xb8\xce\x0e:\xaf\x85\xdf\xb0_\xc7_\x8d>\x05\xd3<\
e\xe0\xcf\x03\x8dg\xc3z\x97\x9b\xf6[\xdf\xed{\x08\
<\xcf.W\x89\xfeIgW\x18x\xdcr\xa38\xc8\
\xc8 \xd0\x01\xf1G\xf6\xf4\xf8\xeb\xf1\xa7\xc0\xba\x9f\x83\
|g\xe3\x81\xac\xf8oR\xf2\xbe\xd5e\xfd\x91a\x07\
\x99\xe5\xca\x92\xa7\xcf\x14\x0a\xe3\x0f\x1a\x1e\x18g\x189\
\x04\x8a\xf0\x02rrz\xd7\xf5Q^S\xf1\xcf\xf6\xa3\
\xf8c\xfb6\x9d\x10|F\xf17\xfc#\xa7Z\xf3\xfe\
\xc1\xfe\x81uu\xe7y>_\x99\xfe\xa2'\xdb\x8f6\
?\xbd\x8c\xee\xe388\x00\xf2\xbf\xf8%\xc7\xfc\x98\x9f\
\xc3/\xfb\x89\xff\x00\xe9\xd2\xee\xbf >(\xfe\xde\x9f\
\x1d~4\xf8\x17S\xf0o\x8c\xfcp5\x9f\x0d\xea^\
W\xda\xac\xbf\xb2, \xf3<\xb9RT\xf9\xe2\x81\x5c\
a\xe3C\xc3\x0c\xe3\x07 \x91G\xed\xeb\xf1G\xc3\x1f\
\x1a?k\x1f\x1c\xf8\xcb\xc1\xba\x9f\xf6\xc7\x86\xf5?\xb0\
\xfd\x92\xf7\xec\xf2\xc1\xe6yv\x16\xf1?\xc9*\xab\x8c\
<n9Q\x9cdpA\xaf\xdf\xef\x8a_\x14\xfc1\
\xf0[\xc0\x9a\x9f\x8c\xbce\xa9\xff\x00c\xf8oM\xf2\
\xbe\xd5{\xf6yg\xf2\xfc\xc9R$\xf9\x22Vs\x97\
\x91\x07\x0aq\x9c\x9e\x014\x01\xf9\xab\xff\x00\x043\xf9\
\xbf\xe1v\xe7\xbf\xf6'\xfe\xdf\xd7)\xfbz~\xde\x7f\
\x1d~\x0a\xfe\xd6>:\xf0o\x83<s\xfd\x8d\xe1\xbd\
7\xec?e\xb2\xfe\xc8\xb0\x9f\xcb\xf3,-\xe5\x7f\x9e\
X\x19\xce^G<\xb1\xc6p8\x00W\xe9_\xc0\xdf\
\xda\x8f\xe1\x8f\xed$u\xb1\xf0\xe7\xc4\xdf\xf0\x91\x1d\x17\
\xc8\xfb~l.\xad|\x9f;\xcc\xf2\xff\x00\xd7\xc4\x9b\
\xb3\xe5I\xf7s\x8d\xbc\xe3#>\xab@\x05\x14Q@\
\x05\x14Q@\x05!\xe9KHFA\x07\xa1\xa0\x0f\x80\
?j/\xf8*\xcf\xfc3g\xc7_\x13|8\xff\x00\
\x85]\xff\x00\x09\x1f\xf6/\xd9\xbf\xe2g\xff\x00\x09\x07\
\xd9|\xef:\xd6)\xff\x00\xd5}\x95\xf6\xe3\xcd\xdb\xf7\
\x8ev\xe7\x8c\xe0\x1f\xb2\xef\xfc\x12\x93\xfe\x19\xb3\xe3\xaf\
\x86~#\xff\x00\xc2\xd0\xff\x00\x84\x8f\xfb\x17\xed_\xf1\
-\xff\x00\x84\x7f\xec\xbew\x9dk,\x1f\xeb~\xd4\xfb\
q\xe6\xee\xfb\xa7;q\xc6r>\x81\xf8\xa3\xfb\x05\xfc\
\x0a\xf8\xd1\xe3\xadO\xc6^2\xf09\xd6|I\xa9y\
_j\xbd\xfe\xd7\xbf\x83\xcc\xf2\xe2H\x93\xe4\x8auA\
\x84\x8d\x07\x0a3\x8c\x9c\x92M{\xfd\x00~U\xff\x00\
\xc1s\x07?\x04\xf0?\xe87\xff\x00\xb6\x15\xe5_\xb2\
\xef\xfc\x12\x9b\xfe\x1aO\xe0W\x86~#\xff\x00\xc2\xd1\
\xff\x00\x84s\xfbk\xed_\xf1,\xff\x00\x84\x7f\xed^\
O\x93u,\x1f\xeb~\xd4\x9b\xb3\xe5n\xfb\xa3\x1b\xb1\
\xce2\x7fT\xfe9\xfe\xcb\x9f\x0c\x7fi?\xecS\xf1\
\x1b\xc3?\xf0\x91\x7fb\xf9\xff\x00`\xff\x00O\xba\xb5\
\xf2|\xef/\xcd\xff\x00Q*n\xcf\x95\x1f\xde\xce6\
\xf1\x8c\x9c\xfeV~\xd4\x9f\xb5\x1f\xc4\xef\xd8\xbf\xe3\xb7\
\x89\xbe\x0d\xfc\x1b\xf17\xfc!\xdf\x0d\xfc5\xf6_\xec\
\xad\x17\xec\x16\xb7\xdff\xfbE\xacWS~\xfa\xea)\
f}\xd3\x5cJ\xff\x00;\x9cn\xc0\xc2\x80\x00\x07\xca\
\xbf\xb2\xe7\xc0\xcf\xf8i?\x8e\xbe\x19\xf8q\xfd\xb7\xff\
\x00\x08\xe7\xf6\xd7\xda\xbf\xe2g\xf6O\xb5y>M\xac\
\xb3\xff\x00\xaa\xde\x9b\xb3\xe5m\xfb\xc3\x1b\xb3\xce0\x7f\
i\xff\x00a\x9f\xd8d~\xc5\xff\x00\xf0\x9b\x7f\xc5m\
\xff\x00\x09\x8f\xfc$\xbfb\xff\x00\x98W\xd8~\xcf\xf6\
\x7f\xb4\x7f\xd3yw\xee\xfbG\xb66\xf7\xcf\x1eY\xfb\
R~\xcb\x9f\x0c\x7fb\xff\x00\x81>&\xf8\xc9\xf0o\
\xc3?\xf0\x87|H\xf0\xd7\xd9\x7f\xb2\xb5\xaf\xed\x0b\xab\
\xef\xb3}\xa2\xea+Y\xbfsu,\xb0\xbe\xe8n%\
O\x9d\x0e7da\x80#\xf3\xfc\xff\x00\xc1Q\x7fi\
\xc21\xff\x00\x0b3\x8f\xfb\x00i\x9f\xfc\x8d@\x07\xfc\
\x15\x1b\xfeO\xaf\xe2o\xfd\xc3?\xf4\xd9i_\x7f\xfe\
\xcb\xbf\xf0J_\xf8f\xcf\x8e\xbe\x19\xf8\x8f\xff\x00\x0b\
G\xfe\x12?\xec_\xb4\xff\x00\xc4\xb3\xfe\x11\xff\x00\xb2\
\xf9\xdeu\xac\xb0\x7f\xad\xfbS\xed\xc7\x9b\xbb\xee\x9c\xed\
\xc7\x19\xc8\xfc\x82\xf8\xa5\xf1K\xc4\xff\x00\x1a|w\xa9\
\xf8\xcb\xc6Z\x9f\xf6\xcf\x895/+\xedW\xbeDP\
y\x9e\x5cI\x12|\x91*\xa0\xc2F\x83\x85\x19\xc6O\
$\x9a\xf7\xef\xf8z7\xed;\xff\x00E3\xff\x00(\
\x1a_\xff\x00#P\x07\xd5_\xf0\x5c\xce\x7f\xe1I\xff\
\x00\xdco\xff\x00l+\xcb?e\xdf\xf8*\xd7\xfc3\
_\xc0\xaf\x0c\xfc8\x1f\x0b\xbf\xe1#\xfe\xc5\xfbW\xfc\
L\xbf\xe1 \xfb/\x9d\xe7]K?\xfa\xaf\xb2\xbe\xdc\
y\xbb~\xf1\xce\xdc\xf1\x9c\x0f\x95>9~\xd4\x9f\x13\
\xff\x00i?\xecO\xf8X\xde&\xff\x00\x84\x8b\xfb\x17\
\xcf\xfb\x07\xfa\x05\xad\xaf\x93\xe7y~o\xfa\x88\x93v\
|\xa8\xfe\xf6q\xb7\x8cd\xe7\xf4\xab\xf6\x0a\xfd\x83>\
\x05|i\xfd\x93\xbc\x0b\xe3/\x19\xf8\x1c\xeb>$\xd4\
\xbe\xdd\xf6\xab\xdf\xed{\xf8<\xcf.\xfe\xe2$\xf9\x22\
\x9dPa#A\xc2\x8c\xe3'\x92M\x00}\xcb\xf1\xea\
\xc9\xf5\x1f\x83\x9e5\xb7\x85KH\xfad\xbbUy$\
\x85'\x1f\xa5|y\xf0\xe9\x9bT\xfd\x9bnc\x89w\
6\x97\xe23$\xa0\x7f\x0cr@\xa1X\xfbn\xe2\xb6\
?\xe0\x98\x7f\xb4g\xc4/\xdaO\xc0><\xbd\xf8\x8f\
\xe2\x11\xe2;\x9d?T\xb3\xb7\xb6scml#\x8d\
\xd4\x96\x18\x864\x07$\x0e\xa0\x9a\xa9\xa1\xd9\xc1\xf0'\
\xe3?\x89\xbc\x07\xe20\xf0xK\xc4j \x8e\xe9\xbe\
U\x8d\x19\x8b[\xcf\x9e\xfb\x09(Oc\x92x\x5cW\
\xd0a)\xfds/\xc4`\xe3\xf1i$\xbb\xdbs\xe0\
\xb8\x86\x9b\xa7\x89\xa3\x88\x97\xc3%(7\xd9\xbdU\xfc\
\xaf\xa1\x7f\xe0\xf5\xc5\xa9\xf1d\xdae\xe4\xe2\xd6\x0db\
\xc6\xe3L37DiS\x0b\xff\x00\x8f`~5\xe4\
\x9e\x00\xf1f\xaf\xfb;\xfcWk\xbb\xcd7\xcd\xbc\xd3\
\x9eKK\xbb)N\xcd\xe8x;[\x1cv`q\xcf\
\x1d\x8dw\x9e,\xf0\xb6\xa3\xe0\x8d~\xe3L\xbfO.\
\xe2\x16\xca\xc8\x9fvE\xfe\x17C\xdc\x1f\xd3\xa7Pk\
\xad\xb2\xd3\xb4\xcf\xda\x1d\xad|=\xe2Kg\x8f\xc4\xf1\
\xc2\xcbc\xe2KU\x1e`TRB\x5c/\x1b\xd4z\
\xe7>\xe3$\x9e\x1e\x1d\xcdi`]L\x1e.7\xa7\
SG\xe5\xd0\xf8\xf9\xd0\xabW\x92\x9d7\xcbZ\x9bn\
7\xeb\xe5\xf8i\xd0\xf3\x7f\xda/\xf6\x86\xff\x00\x85\xe5\
q\xa4\xdbY\xe9M\xa5\xe9\xd6\x05\xddVW\x0f,\xb2\
>\x06N\x07\x00\x05\xe0\x0c\xff\x00 ;=CE\x93\
\xc0\xbf\x06\xbc\x1d\xe1\xab\xe0c\xd5\xee$\x9bX\xba\xb6\
pC@\xb2acV\x07\x90J\x8eA\xe4\x10}\xaa\
/\x01\xf8'\xc3\xbf\x09|#\xa3x\xca\xe6\xdd|Q\
\xe2\x0dQ\xa5}8\xca\x98\xb2\xb2\xf2\xdc.\xe2\xb9\xcb\
\xbeFFx\x1ct\xc6k\x17R\xd4\xb5?\x17k\xb2\
]]I.\xa3\xa9\xde\xc82B\xe5\xa4c\xc0\x00\x0f\
\xc0\x00:q]\xbcE\x9aa\x95\x15\x95\xe0\xa3hE\
\xeb~\xe4\xc65\xe39\xe2qr\xe6\xadQ%e\xd1\
i\xdbK\xbb+$t^\x03\x07O\xf0\xa7\xc4]^\
O\x96\xda\xdb\xc3\x976\xe5\xcfO6`\x165\xfa\x92\
\x0dqW\xd6\x12\xda\xff\x00\xc1:>8\x5cH\x85R\
\xe53\x19#\xef*\xb4*H\xfcC\x0f\xc2\xba\x7f\x8b\
\xf3I\xe1/\x09\xe9\xbf\x0b4\x957\xde)\xd6nb\
\xba\xd5\xd2\xd9\xb2U\x8f\xfa\x8b_BrC\x1ex \
\x1e\x86\xbe\x9d\xd3>\x04\xf8~\x7f\x81\xdf\xf0\xad<I\
f5m\x12}6+mB\xdcM$\x22vi\x19\
\xe4\xc3\xc6\xca\xca7\xe4\x8c\x10j)\xd3x\x1c\x9a4\
\xeai*\xb2\xe6\xb7\x92\xeb\xf7\x9fO\x92Ps\xcc#\
m\xa9E\xa7\xfe);\xdb\xe4\xb7?-\xff\x00e\xef\
\xf8%/\xfc4\xa7\xc0\xbf\x0c\xfcG\xff\x00\x85\xa3\xff\
\x00\x08\xe7\xf6\xcf\xda\x7f\xe2Y\xff\x00\x08\xff\x00\xda\xbc\
\x9f&\xeaX?\xd6\xfd\xa97g\xca\xdd\xf7F7c\
\x9cd\xfdQ\xfb.\xff\x00\xc1)?\xe1\x9b>:\xf8\
g\xe2?\xfc-\x0f\xf8H\xff\x00\xb1~\xd5\xff\x00\x12\
\xdf\xf8G\xfe\xcb\xe7y\xd6\xb2\xc1\xfe\xb7\xedO\xb7\x1e\
n\xef\xbas\xb7\x1cg#\xedO\x85\x7f\x0b\xbc3\xf0\
_\xc0z_\x83\xbc\x1d\xa6\xff\x00dxsM\xf3>\
\xcbe\xf6\x89g\xf2\xfc\xc9^W\xf9\xe5fs\x97\x91\
\xcf,q\x9c\x0e\x00\x15\xd6W\x86~\x90|\xa7\xfbs\
~\xc3?\xf0\xda\x1f\xf0\x84\xff\x00\xc5m\xff\x00\x08o\
\xfc#\x7fm\xff\x00\x98O\xdb\xbe\xd3\xf6\x8f\xb3\xff\x00\
\xd3x\xb6m\xf2=\xf3\xbb\xb69\xf5o\xd9s\xe0g\
\xfc3o\xc0\xaf\x0c\xfc9\xfe\xdb\xff\x00\x84\x8b\xfb\x17\
\xed_\xf13\xfb'\xd9|\xef:\xeaY\xff\x00\xd5o\
}\xb8\xf3v\xfd\xe3\x9d\xb9\xe38\x1f*\xff\x00\xc1V\
\xff\x00j/\x89\xdf\xb3g\xfc*\xf1\xf0\xe7\xc4\xdf\xf0\
\x8e\x8dk\xfbS\xed\xff\x00\xe8\x16\xb7^w\x93\xf6O\
/\xfd|O\xb7\x1el\x9fw\x19\xdd\xcep1\xf4\x07\
\xec\x15\xf1G\xc4\xff\x00\x1a?d\xef\x03x\xcb\xc6Z\
\x9f\xf6\xcf\x895?\xb7}\xae\xf7\xec\xf1A\xe6yw\
\xf7\x11'\xc9\x12\xaa\x0c$h8Q\x9cd\xf2I\xa0\
\x0f\x7f\xcd|\xab\xfbs~\xc3?\xf0\xda'\xc18\xf1\
\xb7\xfc!\xdf\xf0\x8d}\xb7\xfea?n\xfbO\xda>\
\xcf\xff\x00M\xe2\xd9\xb7\xec\xfe\xf9\xdd\xdb\x1c\xfeU\xff\
\x00\xc3\xd1\xbfi\xdf\xfa)\x9f\xf9@\xd2\xff\x00\xf9\x1a\
\xbe\xff\x00\xff\x00\x82R~\xd4\x7f\x13\xbfiC\xf1G\
\xfe\x16?\x89\xbf\xe1\x22\xfe\xc5\xfe\xcb\xfb\x07\xfa\x05\xad\
\xaf\x93\xe7}\xaf\xcd\xff\x00Q\x12n\xcf\x95\x1f\xde\xce\
6\xf1\x8c\x9c\x80y_\xfc8\xc7\xfe\xabg\xfeZ\x9f\
\xfd\xdb^W\xfbQ\x7f\xc1V\xbf\xe1\xa4\xfe\x05x\x9b\
\xe1\xc1\xf8]\xff\x00\x08\xe7\xf6\xd7\xd9\x7f\xe2g\xff\x00\
\x09\x07\xda\xbc\x9f&\xea)\xff\x00\xd5}\x957g\xca\
\xdb\xf7\x867g\x9c`\xfe\xd4W\xe6\xb7\xed\xeb\xfb\x06\
|\x0a\xf8-\xfb'x\xeb\xc6^\x0c\xf09\xd1\xbcI\
\xa6\xfd\x87\xec\xb7\xbf\xda\xf7\xf3\xf9~e\xfd\xbcO\xf2\
K;!\xcaH\xe3\x958\xceG \x1a\x00\xf8\xaf\xf6\
\x19\xfd\xb9\xff\x00\xe1\x8b\x8f\x8d\xbf\xe2\x89\xff\x00\x84\xc4\
\xf8\x97\xec_\xf3\x16\xfb\x0f\xd9\xbe\xcf\xf6\x8f\xfaa.\
\xfd\xdfh\xf6\xc6\xde\xf9\xe3\xea\x9f\xf8~o\xfdQ?\
\xfc\xba\xff\x00\xfb\x8a\xbf*\xf3\xcek\xf5\xff\x00\xf6\x0a\
\xfd\x83>\x05|i\xfd\x93\xbc\x0b\xe3/\x19\xf8\x1c\xeb\
>$\xd4\xbe\xdd\xf6\xab\xdf\xed{\xf8<\xcf.\xfe\xe2\
$\xf9\x22\x9dPa#A\xc2\x8c\xe3'\x92M\x00~\
\x94\xd1E\x14\x00QE\x14\x00R\x1e\x05-!\xe9@\
\x1f\x90\x1f\xb7\xa7\xec\x19\xf1\xd7\xe3W\xedc\xe3\xaf\x19\
x3\xc0\xdf\xdb>\x1b\xd4\xbe\xc3\xf6[\xdf\xed{\x08\
<\xcf.\xc2\xde'\xf9%\x9d\x5ca\xe3q\xca\x8c\xe3\
#\x82\x0d\x1f\xb0_\xec\x19\xf1\xd7\xe0\xaf\xedc\xe0_\
\x19x\xcf\xc0\xdf\xd8\xde\x1b\xd3~\xdd\xf6\xab\xdf\xed{\
\x09\xfc\xbf2\xc2\xe2$\xf9\x22\x9d\x9c\xe5\xe4A\xc2\x9c\
g'\x80M}\x01\xfbQ\x7f\xc1V\xbf\xe1\x9a\xfe:\
\xf8\x9b\xe1\xc7\xfc*\xef\xf8H\xff\x00\xb1~\xcb\xff\x00\
\x13/\xf8H>\xcb\xe7y\xd6\xb1O\xfe\xab\xec\xaf\xb7\
\x1en\xdf\xbcs\xb7<g\x03\xea\xaf\xda\x8f\xe3\x97\xfc\
3g\xc0\xaf\x13|G\xfe\xc4\xff\x00\x84\x8b\xfb\x17\xec\
\xbf\xf1-\xfb_\xd9|\xef:\xea(?\xd6\xec}\xb8\
\xf3w}\xd3\x9d\xb8\xe39\x00\x07\xc7/\xda\x93\xe1\x87\
\xec\xd9\xfd\x89\xff\x00\x0b\x1b\xc4\xdf\xf0\x8e\xff\x00my\
\xff\x00`\xff\x00@\xba\xba\xf3\xbc\x9f/\xcd\xff\x00Q\
\x13\xed\xc7\x9b\x1f\xde\xc6wq\x9c\x1cy_\xfc=\x17\
\xf6c\xff\x00\xa2\x98\x7f\xf0A\xaa\x7f\xf25|\xa9\x9f\
\xf8}\x00\xff\x00\xa2;\xff\x00\x0a\xdb\xfe\xe3\x9f\xda?\
\xda\x1f\xf8\x0d\xe5y\x7f`\xff\x00ow\x9b\xfc;~\
o\x80\x7fj?\x81\x9f\xf0\xcd\x9f\x1d|M\xf0\xe3\xfb\
l\xf8\x8b\xfb\x17\xec\xbf\xf13\xfb'\xd9|\xef:\xd6\
)\xff\x00\xd5o}\xb8\xf3v\xfd\xe3\x9d\xb9\xe38\x00\
\x1f\xd1G\xc5/\x8a~\x18\xf8-\xe0MO\xc6^2\
\xd4\xff\x00\xb1\xfc7\xa6\xf9_j\xbd\xfb<\xb3\xf9~\
d\xa9\x12|\x91+9\xcb\xc8\x83\x858\xceO\x00\x9a\
\xfc\xd5\xfd\xba?\xe3d\xc7\xc1_\xf0\xce_\xf1q?\
\xe1\x0b\xfbw\xf6\xf6\x7f\xe2W\xf6?\xb5\xfd\x9f\xec\xdf\
\xf1\xfd\xe4y\x9b\xfe\xc9q\xfe\xafv\xdd\x9f67.\
~\xff\x00\xfd\xa9>\x06\x7f\xc3I\xfc\x0a\xf17\xc3\x9f\
\xed\xbf\xf8G\x7f\xb6\xbe\xcb\xff\x00\x13?\xb2}\xab\xc9\
\xf2n\xa2\x9f\xfdV\xf4\xdd\x9f+o\xde\x18\xdd\x9eq\
\x83\xf0\x07\xfc\xa1\x7f\xfe\xab\x17\xfc,\x9f\xfb\x81\xff\x00\
g\x7fg\xff\x00\xe0O\x9b\xe6}\xbf\xfd\x8d\xbeW\xf1\
n\xf9@>\xd5\xfd\x82\xbe\x17x\x9f\xe0\xbf\xec\x9d\xe0\
o\x06\xf8\xcbL\xfe\xc6\xf1&\x99\xf6\xef\xb5\xd9}\xa2\
)\xfc\xbf2\xfe\xe2T\xf9\xe2fC\x94\x91\x0f\x0cq\
\x9c\x1eA\x15\xe0\x1f\xb5'\xedG\xf0\xc7\xf6\xd0\xf8\x13\
\xe2o\x83\x7f\x06\xfcM\xff\x00\x09\x8f\xc4\x8f\x12\xfd\x97\
\xfb+E\xfe\xcf\xba\xb1\xfbO\xd9\xee\xa2\xba\x9b\xf7\xd7\
QE\x0am\x86\xdeW\xf9\xdcgn\x06X\x80~\xa9\
\xfd\x97>9\xff\x00\xc3I|\x0a\xf0\xcf\xc4o\xecO\
\xf8G\x7f\xb6\xbe\xd5\xff\x00\x12\xcf\xb5\xfd\xab\xc9\xf2n\
\xa5\x83\xfdn\xc4\xdd\x9f+w\xdd\x18\xdd\x8eq\x93\xf8\
\x05\xfb.|s\xff\x00\x86l\xf8\xeb\xe1\x9f\x88\xff\x00\
\xd8\x87\xc4_\xd8\xbfj\xff\x00\x89g\xda\xfe\xcb\xe7y\
\xd6\xb2\xc1\xfe\xb7c\xed\xc7\x9b\xbb\xee\x9c\xed\xc7\x19\xc8\
\x00\xfdS\xff\x00\x82R\xfe\xcb\x9f\x13\xbff\xbf\xf8Z\
?\xf0\xb1\xfc3\xff\x00\x08\xef\xf6\xd7\xf6_\xd8?\xd3\
\xedn\xbc\xef'\xed~o\xfa\x89_n<\xd8\xfe\xf6\
3\xbb\x8c\xe0\xe3\xe0\x1f\xf8*?\xfc\x9fg\xc4\xdf\xfb\
\x86\x7f\xe9\xae\xd2\xbe\xa9\xff\x00\x87\xe5\xfa|\x13\xff\x00\
\xcb\xaf\xff\x00\xb8\xa9O\xec1\xff\x00\x0f'?\xf0\xd1\
\xdf\xf0\x9b\x7f\xc2\xba\xff\x00\x84\xd3\xfee\xaf\xec\xaf\xed\
O\xb1\xfd\x93\xfd\x03\xfe>|\xe8|\xcd\xff\x00d\xf3\
?\xd5\xae\xdd\xfby\xdb\xb8\x80}\xf1\xf0\x7f\xf6\x99\xf8\
k\xfbDiz\xc6\xa3\xf0\xfb\xc4\x9f\xf0\x90Y\xe9\x13\
\xdb\xc7{/\xd8nm|\x96c\x95\xe2h\xd0\x9e\x15\
\xb9\x19\xe9R\xfc~\xf8\x15\xa7|k\xf0\xc0\x85\x9dl\
\xb5\xbb@Z\xc6\xfbnv\x93\xd5\x1f\xb9F\xf6\xe8p\
GL\x1f\x8e\xfc\x07\xfb4\xde\xff\x00\xc1-<'\xe3\
/\x8a7\x7f\x10$\xf8\x81\xe0\xa9a\xb4\xb5\xd7|-\
\x17\x87\xd6\xd6K\xa5{\x94\x829c\x91\xae\x5c\x07\x8b\
\xed\x0ev\x91\xb5\xc32\x92\xb9\x0c\xbfU|\x15\xfd\xa9\
\xfe\x18\xfcl\xd2\xef'\xf0G\x8d\xe3\xd6\xed\xec\x84M\
q\x05\xcd\x9c\xc95\x98\x93~\xc8\xdfr\xa9?\xea\xdc\
\x03\xc9\xf9z\x9c\x82w\xa3Z\xa6\x1e\xa2\xabI\xdaH\
\xe5\xc4\xe1\xa9b\xe9J\x85ex\xb3\xc8tH\xb5/\
\x00|+\xd5\xa1\xf8\xcf\xa6\xb5\xce\x95\xa4]\xc7c\xa2\
\xf9L>\xdb#\x9c\x96\x11I\x90\x1a \xbc\x8c\xf6V\
\x1f\xc2\x00\xf3\xbf\x13|~\xf0\xde\x87\xa1\xea\x1ao\xc3\
\xbd\x12\xfa\xc2\xefQ\x80\xdb\xdck:\xac\x8an\x22\x8c\
\xfd\xe4\x89P\x90\xb9\x1f\xc5\x90zq\xc0#\xed/\x14\
\x5c\xf8C\xc6\x9a\x5c\x9an\xb8\xfan\xa9d\xfc\x98n\
l\xdd\x80>\xa3'\x83\xee9\xaf\x9d>(|\x03\xf8\
\x1d\xe1m\x22\xff\x00\xc4\xda\xaf\x8b\xe7\xf0~\x8bm\xb3\
\xcf\x95K4\x11nuE\xfb\xea\xed\xcb2\x8e\xbd\xeb\
\xe8\xf0X\xbc\xaau\xde'\x1dK\xdf\xbd\xf4\xf8~\xef\
\xc4\xf8L\xc3$\xcc\xa1\x05O/\x9ai+^_\x1f\
\xfe\x05\xf8#\xc5\xfe\x15|m\xb4\xf0\xb6\x81'\x85|\
W\xa4\xc9\xaf\xf8ZY\xbc\xf8\x96\x19v\x5cX\xc8G\
-\x09\xe8A=T\x909'<\x90}\xa7\xc1~,\
\xf0\xee\xbd\xe1O\x14\xcd\xf0\x8fK\xbd_\x1b\xe9\xf6\xeb\
4?\xdbJ\x92\xce\xf0\x16\xc4\x8d\x02\xab\x11\xbc\x0e:\
u*9\xce+\x97\xf8Y\xf0\x9b\xf6|\xf8\xa75\xf3\
\xf8_\xe2\x8d\xc7\x8aSN1\x9b\xb8\xedF\xd1\x1e\xfd\
\xdb\x03\x1f,\x1f\x9bc\xf4=\x8dzu\xa7\xc7O\xd9\
\xbb\xf6t\xd7\xef\xfc=\xff\x00\x09\x7f\x86\xfc1\xae[\
\x84[\xa8\xa6\x82v\xb9\x01\x91]C9\xcb\x10U\x95\
\xb1\x9cs[\xe6x\xbc\xa2\xb5O\xac\xd0\xa6\xddK\xa7\
\xae\xdf5\xfeG>U\x92f\xd4\xedO\x17(\xa8$\
\xd5\xf7\x92\xf4v\xe9\xd2\xe5\xff\x00\xd9\xab\xf6j\xb8\xf0\
m\xf3x\xcf\xc6l\xd7~+\xb8\xdd$P\xc8\xdeg\
\xd9\xb7\xf2\xcc\xcd\xfcR\x1c\x9e{d\xf2s^\xc5\xf1\
'\xe2/\x87\xbe\x17xG\xc4\x1e+\xf1>\xa04\xdd\
\x03I\x82'\xbd\xbb\x10\xc97\x92\x0b\xe0|\x91\xab1\
\xfb\xeb\xc0\x04\xf3\xe9^{\xe1\x0f\xdb+\xe0\xdf\xc4_\
\x10\xdaxw\xc3\x7f\x134}OZ\xbd\xde-\xedl\
\xe1\x94\xca\xfbQ\x9d\xb6\xee\x18\xe1U\x8f>\x95\x81\xfb\
T|\x07\xd6\x7fj\xff\x00\x86\xc3\xc0:\x17\x8d\x1b\xc1\
:\x05\xc5\xca\xdcj\xd7Ri?m\x93R\x08U\xe3\
\x8f\x99\xa3(\xa1\xd5\x5c\xf5$\xa2\x01\x85\x047\xcdb\
\xb1Uq\x95]Z\xaf_\xc1.\xcb\xc8\xfb\xdc\x0e\x06\
\x8e_EQ\xa2\xb4\xef\xd5\xbe\xef\xcc\xc9O\xf8*/\
\xec\xc6\x14\x7f\xc5\xcc\xed\xff\x00@\x0dO\xff\x00\x91\xab\
\xe2\xaf\xd8/\xf6\x0c\xf8\xeb\xf0W\xf6\xb1\xf0/\x8c\xbc\
g\xe0o\xeco\x0d\xe9\xbfn\xfbU\xef\xf6\xbd\x84\xfe\
_\x99aq\x12|\x91N\xcer\xf2 \xe1N3\x93\
\xc0&\xbe,\xfd\xa8\xfe\x06\xff\x00\xc36|u\xf17\
\xc3\x8f\xed\xbf\xf8H\xbf\xb1~\xcb\xff\x00\x13/\xb2}\
\x97\xce\xf3\xadb\x9f\xfdV\xf7\xdb\x8f7o\xde9\xdb\
\x9e3\x81\xfb\xfb\xfbQ\xfcs\x1f\xb3g\xc0\xaf\x13|\
G\xfe\xc4\x1e\x22\xfe\xc5\xfb/\xfcK>\xd7\xf6_;\
\xce\xba\x8a\x0f\xf5\xbb\x1fn<\xdd\xdft\xe7n8\xce\
G\x19\xe8\x1f\x00\x7f\xc1sy\xff\x00\x85'\xff\x00q\
\xbf\xfd\xb0\xaf\xaa\xff\x00\xe0\x97\x1f\xf2b\x7f\x0c\xbf\xee\
'\xff\x00\xa7K\xba\xf9P\xff\x00\xc6\xe8G\xfd\x11\xdf\
\xf8V\xdf\xf7\x1c\xfe\xd1\xfe\xd0\xff\x00\xc0o+\xcb\xfb\
\x07\xfb{\xbc\xdf\xe1\xdb\xf3}\xff\x00\xfb-\xfc\x0c\xff\
\x00\x86l\xf8\x13\xe1\x9f\x87\x1f\xdb\x7f\xf0\x91\x7fb\xfd\
\xab\xfe&_d\xfb/\x9d\xe7]K?\xfa\xad\xef\xb7\
\x1en\xdf\xbcs\xb7<g\x00\x03\xf9\xd8\xf8[\xf0\xb7\
\xc4\xff\x00\x1a|w\xa6x7\xc1\xbag\xf6\xcf\x895\
/7\xec\xb6^|Py\x9e\x5cO+\xfc\xf2\xb2\xa0\
\xc2F\xe7\x96\x19\xc6\x07$\x0a\xfd|\xff\x00\x82R\xfe\
\xcb\xbf\x13\xbff\xc1\xf1D\xfcG\xf0\xcf\xfc#\xa3Z\
\xfe\xcb\xfb\x07\xfa}\xad\xd7\x9d\xe4\xfd\xaf\xcc\xff\x00Q\
+\xed\xc7\x9b\x1f\xde\xc6wq\x9c\x1c/\xec\xbb\xff\x00\
\x04\xa5\xff\x00\x86k\xf8\xeb\xe1\x9f\x88\xff\x00\xf0\xb4\x7f\
\xe1#\xfe\xc5\xfbO\xfcK\x7f\xe1\x1f\xfb/\x9d\xe7Z\
\xcb\x07\xfa\xdf\xb5>\xdcy\xbb\xbe\xe9\xce\xdcq\x9c\x8f\
T\xfd\xb9\x7fn_\xf8b\xff\x00\xf8Bq\xe0\x9f\xf8\
L\x7f\xe1%\xfbw\xfc\xc5\xbe\xc3\xf6\x7f\xb3\xfd\x9f\xfe\
\x98\xcb\xbfw\xda=\xb1\xb7\xbex\x00\xf8\xaf\xf6\xf4\xfd\
\x83>:\xfcj\xfd\xac|u\xe3/\x06x\x1b\xfbg\
\xc3z\x97\xd8~\xcb{\xfd\xafa\x07\x99\xe5\xd8[\xc4\
\xff\x00$\xb3\xab\x8c<n9Q\x9cdpA\xaf\xd8\
\x0a\xf2\x9f\xd9s\xe3\x98\xfd\xa4\xfe\x05xg\xe27\xf6\
 \xf0\xef\xf6\xd7\xda\xbf\xe2Y\xf6\xbf\xb5y>M\xd4\
\xb0\x7f\xad\xd8\x9b\xb3\xe5n\xfb\xa3\x1b\xb1\xce2W\xf6\
\xa3\xf8\xe7\xff\x00\x0c\xd9\xf0+\xc4\xdf\x11\xbf\xb1\x7f\xe1\
\x22\xfe\xc5\xfb/\xfcK>\xd7\xf6_;\xce\xba\x8a\x0f\
\xf5\xbb\x1fn<\xdd\xdft\xe7n8\xce@\x07\xaa\xd1\
_*~\xc3?\xb71\xfd\xb4?\xe16\xcf\x82\x7f\xe1\
\x0e\xff\x00\x84k\xec_\xf3\x16\xfbw\xda~\xd1\xf6\x8f\
\xfaa\x16\xcd\xbeG\xbewv\xc7>U\xfbQ\x7f\xc1\
V\xbf\xe1\x9a\xfe:\xf8\x9b\xe1\xc7\xfc*\xef\xf8H\xff\
\x00\xb1~\xcb\xff\x00\x13/\xf8H>\xcb\xe7y\xd6\xb1\
O\xfe\xab\xec\xaf\xb7\x1en\xdf\xbcs\xb7<g\x00\x03\
\xf4\x02\x8a(\xa0\x02\x8a(\xa0\x02\x90\xf4\xa5\xa4<\x0a\
\x00\xfc\x02\xff\x00\x82\xa3\xff\x00\xc9\xf6|M\xff\x00\xb8\
g\xfe\x9a\xed+\xf5S\xfe\x0a\x8f\xff\x00&'\xf17\
\xfe\xe1\x9f\xfat\xb4\xaf\x8a\x7foO\xd83\xe3\xaf\xc6\
\xaf\xda\xc7\xc7^2\xf0g\x81\xbf\xb6|7\xa9}\x87\
\xec\xb7\xbf\xda\xf6\x10y\x9e]\x85\xbcO\xf2K:\xb8\
\xc3\xc6\xe3\x95\x19\xc6G\x04\x1a\xe5\xbfe\xbf\xd9s\xe2\
w\xec_\xf1\xdb\xc3?\x19>2xg\xfe\x10\xef\x86\
\xfe\x1a\xfbW\xf6\xae\xb5\xf6\xfb[\xef\xb3}\xa2\xd6[\
X\x7fsk,\xb3>\xe9\xae\x22O\x91\x0e7d\xe1\
A \x03\xe5_\x81\x9f\xb5'\xc4\xff\x00\xd9\xb3\xfbl\
|8\xf17\xfc#\xbf\xdb^G\xdb\xff\x00\xd0-n\
\xbc\xef'\xcc\xf2\xbf\xd7\xc4\xfbq\xe6\xc9\xf7q\x9d\xdc\
\xe7\x03\x1f\xaa\x9f\xb2\xdf\xec\xb9\xf0\xc7\xf6\xd0\xf8\x13\xe1\
\x9f\x8c\x9f\x19<3\xff\x00\x09\x8f\xc4\x8f\x12\xfd\xab\xfb\
WZ\xfe\xd0\xba\xb1\xfbO\xd9\xee\xa5\xb5\x87\xf76\xb2\
\xc5\x0am\x86\xde$\xf9\x10gnNX\x92}T\x7f\
\xc1Q\x7ff>\x07\xfc,\xb3\x9f\xfb\x00j\x9f\xfc\x8d\
^\xff\x00\xf0\xb7\xe2\x9f\x86>4\xf8\x13L\xf1\x97\x83\
u?\xed\x8f\x0d\xea^o\xd9o~\xcf,\x1eg\x97\
+\xc4\xff\x00$\xaa\xae0\xf1\xb8\xe5Fq\x91\xc1\x06\
\x80<\xab\xf6\xf5\xf8\xa3\xe2\x7f\x82\xff\x00\xb2w\x8e|\
e\xe0\xddO\xfb\x1b\xc4\x9ag\xd8~\xc9{\xf6x\xa7\
\xf2\xfc\xcb\xfbx\x9f\xe4\x95Y\x0eRG\x1c\xa9\xc6r\
9\x00\xd7\xe1g\xc7/\xda\x93\xe2\x7f\xed#\xfd\x89\xff\
\x00\x0b\x1b\xc4\xdf\xf0\x91\x7fb\xf9\xdf`\xff\x00@\xb5\
\xb5\xf2|\xef/\xcc\xff\x00Q\x12n\xcf\x95\x1f\xde\xce\
6\xf1\x8c\x9c\xff\x00E\x1f\x14\xbe)\xf8c\xe0\xb7\x81\
5?\x19x\xcbS\xfe\xc7\xf0\xde\x9b\xe5}\xaa\xf7\xec\
\xf2\xcf\xe5\xf9\x92\xa4I\xf2D\xac\xe7/\x22\x0e\x14\xe3\
9<\x02k\xc0O\xfc\x15\x17\xf6c\x07\x07\xe2Y\xcf\
\xfd\x805O\xfeF\xa0\x0f\xc7\xff\x00\x85\xdf\xb7\xa7\xc7\
_\x82\xde\x05\xd3<\x1b\xe0\xcf\x1c\x0d\x1b\xc3zo\x9b\
\xf6[/\xec\x8b\x09\xfc\xbf2W\x95\xfey`g9\
y\x1c\xf2\xc7\x19\xc0\xc0\x00W\xeb\xff\x00\xfc:\xeb\xf6\
c\xff\x00\xa2f\x7f\xf0\x7f\xaa\x7f\xf2M\x1f\xf0\xf4_\
\xd9\x8f\xfe\x8aa\xff\x00\xc1\x06\xa9\xff\x00\xc8\xd4\x7f\xc1\
Q\xff\x00\xe4\xc4\xfe&\xff\x00\xdc3\xff\x00N\x96\x94\
\x01\xf0\x07\xfc\x15k\xf6^\xf8c\xfb5\x1f\x85\xc7\xe1\
\xc7\x86\x7f\xe1\x1d:\xd7\xf6\xa7\xdb\xff\x00\xd3\xee\xae\xbc\
\xef'\xec\x9eW\xfa\xf9_n<\xd9>\xee3\xbb\x9c\
\xe0c\xe7\xff\x00\x85\xdf\xb7\xa7\xc7_\x82\xde\x05\xd3<\
\x1b\xe0\xcf\x1c\x0d\x1b\xc3zo\x9b\xf6[/\xec\x8b\x09\
\xfc\xbf2W\x95\xfey`g9y\x1c\xf2\xc7\x19\xc0\
\xc0\x00W\xd0\x1f\xf0J_\xda\x8b\xe1\x8f\xec\xd9\xff\x00\
\x0bG\xfe\x167\x89\xbf\xe1\x1d:\xd7\xf6_\xd8?\xd0\
.\xae\xbc\xef'\xed~g\xfa\x88\x9fn<\xd8\xfe\xf6\
3\xbb\x8c\xe0\xe3\xe7\xff\x00\xdb\xd7\xe2\x8f\x86>4~\
\xd6>9\xf1\x97\x83u?\xed\x8f\x0d\xea\x7fa\xfb%\
\xef\xd9\xe5\x83\xcc\xf2\xec-\xe2\x7f\x92UW\x18x\xdc\
r\xa38\xc8\xe0\x83@\x07\xc5\x1f\xdb\xd7\xe3\xaf\xc6\x8f\
\x02\xea~\x0d\xf1\x97\x8e\x06\xb3\xe1\xbdK\xca\xfbU\x97\
\xf6E\x84\x1eg\x97*J\x9f<P+\x8c<hx\
a\x9c`\xe4\x12+\xec\xaf\xf8\x22\x0e\x9bo\xa9\x0f\x8d\
_h\x8cI\xb7\xfb\x17n{\x7f\xc7\xff\x00\xf8W\xc6\
\xbf\xb0W\xc5\x1f\x0c|\x17\xfd\xac|\x0d\xe3/\x19j\
\x7f\xd8\xfe\x1b\xd3>\xdd\xf6\xbb\xdf\xb3\xcb?\x97\xe6X\
\x5cD\x9f$J\xcer\xf2 \xe1N3\x93\xc0&\xbe\
\x80\xff\x00\x82\xad~\xd4_\x0c\x7fi?\xf8U\xdf\xf0\
\xae|M\xff\x00\x09\x11\xd1\x7f\xb5>\xdf\xfe\x81uk\
\xe4\xf9\xdfd\xf2\xff\x00\xd7\xc4\x9b\xb3\xe5I\xf7s\x8d\
\xbc\xe3# \x1a\xff\x00\xb7\xa7\xed\x9f\xf1\x8f\xe0\xaf\xed\
a\xe3\x9f\x06x7\xc5\xc9\xa3\xf8oM\xfb\x0f\xd9l\
\x8e\x91c?\x97\xe6X[\xca\xff\x00<\xb03\x9c\xbc\
\x8eyc\x8c\xe0p\x00\xaf\xb5\xff\x00\xe0\xa7z\x05\x95\
\x8f\xec9\xf1*xa\x0b\x22\x7ff`\xfagS\xb5\
\x1f\xd6\xb4\x7f\xe0\x97\x1f\xf2b\x7f\x0c\xbf\xee'\xff\x00\
\xa7K\xba\xfc\x01\xa0\x0f\xd4\x9f\xf8\x22\x0e\x97m\xaa\x7f\
\xc2\xe9\xfbLbM\x9f\xd8\xbbs\xdb?o\xcf\xf2\xaf\
\xb6>$\xff\x00\xc1?\xbe\x03\xfc]\xf1\xa6\xa3\xe2\xcf\
\x16\xf8\x1c\xea\xbe \xd4<\xbf\xb4\xdd\x8d^\xfa\x0d\xfe\
\x5ck\x12|\x91L\xa80\x88\xa3\x85\x19\xc6NI&\
\xbf7\x7f\xe0\x94\xbf\xb5\x17\xc3\x1f\xd9\xb3\xfe\x16\x8f\xfc\
,\x7f\x13\x7f\xc2;\xfd\xb5\xfd\x97\xf6\x0f\xf4\x0b\xab\xaf\
;\xc9\xfb_\x9b\xfe\xa2'\xdb\x8f6?\xbd\x8c\xee\xe3\
88?jO\xd9s\xe2w\xed\xa1\xf1\xdb\xc4\xdf\x19\
>\x0d\xf8g\xfe\x13\x1f\x86\xfe%\xfb/\xf6V\xb5\xf6\
\xfb[\x1f\xb4\xfd\x9e\xd6+Y\xbfsu,S&\xd9\
\xad\xe5O\x9d\x06v\xe4eH$\x03\xeaO\xda\xa7\xf6\
R\xf8]\xfb\x1b|\x05\xf1G\xc6\x1f\x84\x1e\x19>\x13\
\xf8\x89\xe1\xcf\xb2\xff\x00e\xeb\x0d\x7fs|-\xfe\xd1\
u\x0d\xac\xdf\xb9\xb9\x92H\x9ft3\xca\xbf:\x1cn\
\xc8\xc1\x00\x85\xff\x00\x82P~\xd3_\x12\xbfh\xc1\xf1\
D|C\xf1\x18\xf1\x00\xd1\x7f\xb2\xfe\xc0\x05\x85\xad\xaf\
\x93\xe7}\xaf\xcd\xff\x00Q\x12n\xcf\x95\x1f\xde\xce6\
\xf1\x8c\x9c\xfe-\xd0\x06H\x03\xa9\xa0\x0f\xaa\xbf\xe0\xa8\
\xff\x00\xf2}\x9f\x13\x7f\xee\x19\xff\x00\xa6\xcbJ\xe5>\
(\xfe\xde\x9f\x1d~4\xf8\x17S\xf0o\x8c\xfcp5\
\x9f\x0d\xea^W\xda\xac\xbf\xb2, \xf3<\xb9RT\
\xf9\xe2\x81\x5ca\xe3C\xc3\x0c\xe3\x07 \x91G\xc2\xef\
\xd8/\xe3\xaf\xc6\x9f\x02\xe9\x9e2\xf0g\x81\xc6\xb3\xe1\
\xbdK\xcd\xfb-\xef\xf6\xbd\x84\x1eg\x97+\xc4\xff\x00\
$\xb3\xab\x8c<n9Q\x9cdd\x10k\xe8\x0f\xd9\
o\xf6\x5c\xf8\x9d\xfb\x17\xfcv\xf0\xcf\xc6O\x8c\x9e\x19\
\xff\x00\x84;\xe1\xbf\x86\xbe\xd5\xfd\xab\xad}\xbe\xd6\xfb\
\xec\xdfh\xb5\x96\xd6\x1f\xdc\xda\xcb,\xcf\xbak\x88\x93\
\xe4C\x8d\xd98PH\x00\xf9W\xe0o\xedI\xf1?\
\xf6n\xfe\xdb\xff\x00\x85s\xe2o\xf8G\x7f\xb6\xbc\x9f\
\xb7\xff\x00\xa0Z\xddy\xdeO\x99\xe5\xff\x00\xaf\x89\xf6\
\xe3\xcd\x93\xee\xe3;\xb9\xce\x06?t\xff\x00`\xaf\x8a\
>'\xf8\xd1\xfb'x\x1b\xc6^2\xd4\xff\x00\xb6|\
I\xa9\xfd\xbb\xedw\xbfg\x8a\x0f3\xcb\xbf\xb8\x89>\
H\x95Pa#A\xc2\x8c\xe3'\x92Mu_\x03?\
j?\x86?\xb4\x9f\xf6\xd8\xf8s\xe2o\xf8H\xbf\xb1\
|\x8f\xb7\xff\x00\xa0]Z\xf9>w\x99\xe5\x7f\xaf\x89\
7g\xca\x93\xee\xe7\x1by\xc6F\x7f\x15\xff\x00\xe0\xa8\
\xff\x00\xf2}\x9f\x13\x7f\xee\x19\xff\x00\xa6\xbbJ\x00\xfd\
~\xfd\xbd~(\xf8\x9f\xe0\xbf\xec\x9d\xe3\x9f\x19x7\
S\xfe\xc6\xf1&\x99\xf6\x1f\xb2^\xfd\x9e)\xfc\xbf2\
\xfe\xde'\xf9%VC\x94\x91\xc7*q\x9c\x8e@5\
\xf1W\xec1\xff\x00\x1b&\x1e6\xff\x00\x86\x8d\xff\x00\
\x8b\x89\xff\x00\x08_\xd8\x7f\xb0\x7f\xe6\x17\xf6?\xb5\xfd\
\xa3\xed?\xf1\xe3\xe4\xf9\x9b\xfe\xc9o\xfe\xb3v\xdd\x9f\
.76\x7f+(\x03$\x01\xd4\xd0\x07\xdf\xff\x00\xb5\
'\xedG\xf1;\xf6/\xf8\xed\xe2o\x83\x7f\x06\xfcM\
\xff\x00\x08w\xc3\x7f\x0d}\x97\xfb+E\xfb\x05\xad\xf7\
\xd9\xbe\xd1k\x15\xd4\xdf\xbe\xba\x8aY\x9ft\xd7\x12\xbf\
\xce\xe7\x1b\xb00\xa0\x00~\xcb\x7f\xb5\x1f\xc4\xef\xdbC\
\xe3\xb7\x86~\x0d\xfcd\xf17\xfc&?\x0d\xfcK\xf6\
\xaf\xed]\x17\xec\x16\xb6?i\xfb=\xac\xb7P\xfe\xfa\
\xd6(\xa6M\xb3[\xc4\xff\x00#\x8c\xed\xc1\xca\x92\x0f\
\xcf\xff\x00\x0b\xbf`\xbf\x8e\xbf\x1a|\x0b\xa6x\xcb\xc1\
\x9e\x07\x1a\xcf\x86\xf5/7\xec\xb7\xbf\xda\xf6\x10y\x9e\
\x5c\xaf\x13\xfc\x92\xce\xae0\xf1\xb8\xe5Fq\x91\x90A\
\xaf+\xf8[\xf0\xb7\xc4\xff\x00\x1a|w\xa6x7\xc1\
\xbag\xf6\xcf\x895/7\xec\xb6^|Py\x9e\x5c\
O+\xfc\xf2\xb2\xa0\xc2F\xe7\x96\x19\xc6\x07$\x0a\x00\
\xfe\x89\xfe\x06~\xcb\x9f\x0c\x7ff\xcf\xed\xb3\xf0\xe7\xc3\
?\xf0\x8e\xff\x00my\x1fo\xff\x00O\xba\xba\xf3\xbc\
\x9f3\xca\xff\x00_+\xed\xc7\x9b'\xdd\xc6ws\x9c\
\x0c~+\xff\x00\xc1Q\xff\x00\xe4\xfb>&\xff\x00\xdc\
3\xff\x00Mv\x95\xf7\xef\xfc\x12\x97\xf6]\xf8\x9d\xfb\
6\x0f\x8a'\xe2?\x86\x7f\xe1\x1d\x1a\xd7\xf6_\xd8?\
\xd3\xedn\xbc\xef'\xed~g\xfa\x89_n<\xd8\xfe\
\xf63\xbb\x8c\xe0\xe3\xc0?oO\xd83\xe3\xaf\xc6\xaf\
\xda\xc7\xc7^2\xf0g\x81\xbf\xb6|7\xa9}\x87\xec\
\xb7\xbf\xda\xf6\x10y\x9e]\x85\xbcO\xf2K:\xb8\xc3\
\xc6\xe3\x95\x19\xc6G\x04\x1a\x00\xfd\x80\xa2\x8a(\x00\xa2\
\x8a(\x00\xa44\xb4\x87\x91@\x07\x15\xf2\xaf\xfc\x15\x1b\
\xfeLS\xe2f:\xff\x00\xc4\xb3\xff\x00Nv\x95\xf1\
W\xed\xe9\xfby\xfcu\xf8+\xfbX\xf8\xeb\xc1\xbe\x0c\
\xf1\xcf\xf67\x86\xf4\xdf\xb0\xfd\x96\xcb\xfb\x22\xc2\x7f/\
\xcc\xb0\xb7\x95\xfey`g9y\x1c\xf2\xc7\x19\xc0\xe0\
\x01_+|Q\xfd\xbd>:\xfci\xf0.\xa7\xe0\xdf\
\x19\xf8\xe0k>\x1b\xd4\xbc\xaf\xb5Y\x7fdXA\xe6\
yr\xa4\xa9\xf3\xc5\x02\xb8\xc3\xc6\x87\x86\x19\xc6\x0eA\
\x22\x80<\x07\x92}\xeb\xf7\xf7\xfe\x09r\x7f\xe3\x05>\
\x19\xff\x00\xdcO\xff\x00Nwu\xf0\x07\xfc\x12\x9b\xf6\
^\xf8c\xfbJ\x9f\x8a'\xe2?\x86\x7f\xe1\x22:/\
\xf6_\xd8?\xd3\xee\xad|\x9f;\xed~o\xfa\x89S\
v|\xa8\xfe\xf6q\xb7\x8cd\xe4\xfd\xa9?j?\x89\
\xdf\xb1\x7f\xc7o\x13|\x1b\xf87\xe2o\xf8C\xbe\x1b\
\xf8k\xec\xbf\xd9Z/\xd8-o\xbe\xcd\xf6\x8bX\xae\
\xa6\xfd\xf5\xd4R\xcc\xfb\xa6\xb8\x95\xfew8\xdd\x81\x85\
\x00\x00\x0fU\xff\x00\x86\xe7\xff\x00\x87\x93\xff\x00\xc68\
\xff\x00\xc2\x13\xff\x00\x0a\xeb\xfe\x13O\xf9\x99\x7f\xb5\x7f\
\xb5>\xc7\xf6O\xf4\xef\xf8\xf6\xf2a\xf37\xfd\x93\xcb\
\xff\x00X\xbbw\xee\xe7n\xd2\x9f\xf0\xe3L\xf3\xff\x00\
\x0b\xb7\xff\x00-O\xfe\xed\xafV\xfd\xa9?e\xcf\x86\
?\xb1\x7f\xc0\x9f\x13|d\xf87\xe1\x9f\xf8C\xbe$\
xk\xec\xbf\xd9Z\xd7\xf6\x85\xd5\xf7\xd9\xbe\xd1u\x15\
\xac\xdf\xb9\xba\x96X_t7\x12\xa7\xce\x87\x1b\xb20\
\xc0\x10\x9f\xf0Jo\xda\x8b\xe2w\xed)\xff\x00\x0bG\
\xfe\x16?\x89\xbf\xe1\x22\xfe\xc5\xfe\xcb\xfb\x07\xfa\x05\xad\
\xaf\x93\xe7}\xaf\xcc\xff\x00Q\x12n\xcf\x95\x1f\xde\xce\
6\xf1\x8c\x9c\x80y_\xfc8\xcf\xfe\xabg\xfeZ\x9f\
\xfd\xdb_U\x7f\xc1Q\xb9\xfd\x85>&\x7f\xdc3\xff\
\x00Nv\x95\xf1O\xed\xe9\xfby\xfcu\xf8+\xfbX\
\xf8\xeb\xc1\xbe\x0c\xf1\xcf\xf67\x86\xf4\xdf\xb0\xfd\x96\xcb\
\xfb\x22\xc2\x7f/\xcc\xb0\xb7\x95\xfey`g9y\x1c\
\xf2\xc7\x19\xc0\xe0\x01\x5c\xb7\xec\xb7\xfbQ\xfcN\xfd\xb4\
>;xg\xe0\xdf\xc6O\x13\x7f\xc2c\xf0\xdf\xc4\xbf\
j\xfe\xd5\xd1~\xc1kc\xf6\x9f\xb3\xda\xcbu\x0f\xef\
\xadb\x8ad\xdb5\xbcO\xf28\xce\xdc\x1c\xa9 \x80\
|\x03\xc85\xf7\xff\x00\xec\xbb\xff\x00\x04\xa5\xff\x00\x86\
\x94\xf8\x15\xe1\x9f\x88\xff\x00\xf0\xb4\x7f\xe1\x1c\xfe\xda\xfb\
O\xfcK?\xe1\x1f\xfbW\x93\xe4\xddK\x07\xfa\xdf\xb5\
&\xec\xf9[\xbe\xe8\xc6\xecs\x8c\x9f\xbf\x87\xfc\x12\xeb\
\xf6c\xe0\xff\x00\xc2\xb49\xff\x00\xb0\xfe\xa9\xff\x00\xc9\
5\xef\xff\x00\x0b~\x16xc\xe0\xb7\x814\xcf\x06\xf8\
7L\xfe\xc7\xf0\xde\x9b\xe6\xfd\x96\xcb\xed\x12\xcf\xe5\xf9\
\x92\xbc\xaf\xf3\xca\xcc\xe7/#\x9eX\xe38\x1c\x00(\
\x03\xf9\xd7\xfd\x97>\x06\xff\x00\xc3I\xfcu\xf0\xcf\xc3\
\x8f\xed\xbf\xf8G\x7f\xb6\xbe\xd5\xff\x00\x13/\xb2}\xab\
\xc9\xf2me\x9f\xfdV\xf4\xdd\x9f+o\xde\x18\xdd\x9e\
q\x83\xea\xbf\xb77\xec3\xff\x00\x0ca\xff\x00\x08O\
\xfcV\xdf\xf0\x99\x7f\xc2K\xf6\xdf\xf9\x85}\x87\xec\xff\
\x00g\xfb?\xfd7\x97~\xef\xb4{co|\xf1\xe0\
\x1f\x0b~)x\x9f\xe0\xb7\x8e\xf4\xcf\x19x7S\xfe\
\xc6\xf1&\x9b\xe6\xfd\x96\xf7\xc8\x8a\x7f/\xcc\x89\xe2\x7f\
\x92Ud9I\x1cr\xa7\x19\xc8\xe4\x03_\xa5\x1f\xb0\
\xbf\xfcl\x98x\xdb\xfe\x1a7\xfe.'\xfc!\x7fa\
\xfe\xc1\xff\x00\x98_\xd8\xfe\xd7\xf6\x8f\xb4\xff\x00\xc7\x97\
\x93\xe6o\xfb%\xbf\xfa\xcd\xdbv|\xb8\xdc\xd9\x00\xfa\
\xaf\xfe\x09s\xc7\xec)\xf0\xcf\xfe\xe2\x7f\xfas\xbb\xaf\
\x80?j/\xf8%(\xfd\x9b>\x05x\x9b\xe2?\xfc\
-\x1f\xf8H\xff\x00\xb1~\xcb\xff\x00\x12\xcf\xf8G\xfe\
\xcb\xe7y\xd7QA\xfe\xb7\xedO\xb7\x1en\xef\xbas\
\xb7\x1cg \xfd\xa9?j?\x89\xdf\xb1\x7f\xc7o\x13\
|\x1b\xf87\xe2o\xf8C\xbe\x1b\xf8k\xec\xbf\xd9Z\
/\xd8-o\xbe\xcd\xf6\x8bX\xae\xa6\xfd\xf5\xd4R\xcc\
\xfb\xa6\xb8\x95\xfew8\xdd\x81\x85\x00\x03\xf6[\xfd\xa8\
\xfe'~\xda\x1f\x1d\xbc3\xf0o\xe3'\x89\xbf\xe11\
\xf8o\xe2_\xb5\x7fj\xe8\xbf`\xb5\xb1\xfbO\xd9\xed\
e\xba\x87\xf7\xd6\xb1E2m\x9a\xde'\xf9\x1cgn\
\x0eT\x90@>\x01\xe4\x1fJ\xfb\xfb\xf6]\xff\x00\x82\
\xad\x0f\xd9\xb3\xe0W\x86~\x1c\x7f\xc2\xae\xff\x00\x84\x8f\
\xfb\x17\xed_\xf13\xff\x00\x84\x83\xec\xbew\x9du,\
\xff\x00\xea\xbe\xca\xfbq\xe6\xed\xfb\xc7;s\xc6p\x0f\
\xf8*\xd7\xec\xbb\xf0\xc7\xf6l\xff\x00\x85]\xff\x00\x0a\
\xe3\xc3?\xf0\x8e\xff\x00m\x7fj}\xbf\xfd>\xea\xeb\
\xce\xf2~\xc9\xe5\x7f\xaf\x95\xf6\xe3\xcd\x93\xee\xe3;\xb9\
\xce\x06>\x00\xa0\x0fT\xfd\x97>\x06\x7f\xc3I\xfcu\
\xf0\xcf\xc3\x8f\xed\xbf\xf8G\x7f\xb6\xbe\xd5\xff\x00\x13/\
\xb2}\xab\xc9\xf2me\x9f\xfdV\xf4\xdd\x9f+o\xde\
\x18\xdd\x9eq\x83\xea\xdf\xb77\xec3\xff\x00\x0c_\xff\
\x00\x08N<m\xff\x00\x09\x8f\xfc$\xbfm\xff\x00\x98\
W\xd8~\xcd\xf6\x7f\xb3\xff\x00\xd3yw\xee\xfbG\xb6\
6\xf7\xcf\x1e\x01\xf0\xb7\xe2\x97\x89\xfe\x0bx\xefL\xf1\
\x97\x83u?\xeco\x12i\xbeo\xd9o|\x88\xa7\xf2\
\xfc\xc8\x9e'\xf9%VC\x94\x91\xc7*q\x9c\x8e@\
5\xfaQ\xfb\x0b\x7f\xc6\xc9\xbf\xe15\xff\x00\x86\x8d\xff\
\x00\x8b\x89\xff\x00\x08_\xd8\x7f\xb0q\xff\x00\x12\xbf\xb1\
\xfd\xaf\xed\x1fi\xff\x00\x8f\x1f'\xcc\xdf\xf6K\x7f\xf5\
\x9b\xb6\xec\xf9q\xb9\xb2\x01\xf5_\xfc\x12\xe7\xfeLS\
\xe1\x9f\xfd\xc4\xff\x00\xf4\xe7wG\xfc\x15\x18\x7f\xc6\x0a\
|L\xff\x00\xb8g\xfe\x9c\xed+\xdf\xfe\x16\xfc,\xf0\
\xc7\xc1o\x02i\x9e\x0d\xf0n\x99\xfd\x8f\xe1\xbd7\xcd\
\xfb-\x97\xda%\x9f\xcb\xf3%y_\xe7\x95\x99\xce^\
G<\xb1\xc6p8\x00Q\xf1K\xe1g\x86>4\xf8\
\x13S\xf0o\x8c\xb4\xcf\xed\x8f\x0d\xea^W\xda\xac\xbe\
\xd1,\x1eg\x97*J\x9f<L\xae0\xf1\xa1\xe1\x86\
q\x83\xc1\x22\x80?5\xbf\xe0\x86g\x9f\x8d\x99\xff\x00\
\xa8'\xfe\xdf\xd7\xaa~\xd4_\xf0J_\xf8iO\x8e\
\xbe&\xf8\x8f\xff\x00\x0bG\xfe\x11\xcf\xed\xaf\xb2\xff\x00\
\xc4\xb7\xfe\x11\xff\x00\xb5y>M\xacP\x7f\xad\xfbR\
n\xcf\x95\xbb\xee\x8cn\xc78\xc9\xf2\xbf\xdb\xa0\xff\x00\
\xc3\xb6\x0f\x82O\xec\xe5\xff\x00\x16\xec\xf8\xd3\xed\xdf\xdb\
\xdf\xf3\x14\xfbg\xd9>\xcf\xf6o\xf8\xfe\xf3\xfc\xbd\x9f\
k\xb8\xff\x00W\xb7v\xff\x00\x9b;W\x1f*\x7f\xc3\
\xd1\xbfi\xdf\xfa)\x9f\xf9@\xd2\xff\x00\xf9\x1a\x80>\
V\xaf\xaa\xbfa\x9f\xd8g\xfe\x1bC\xfe\x13_\xf8\xad\
\xbf\xe1\x0e>\x1b\xfb\x17\xfc\xc2~\xdd\xf6\x9f\xb4}\xa3\
\xfe\x9b\xc5\xb3o\x91\xef\x9d\xdd\xb1\xcf\xca\xb5\xea\xbf\x03\
?jO\x89\xff\x00\xb3`\xd6\xff\x00\xe1\x5cx\x9b\xfe\
\x11\xdf\xed\xaf#\xed\xff\x00\xe8\x16\xb7^w\x93\xe6y\
_\xeb\xe2}\xb8\xf3d\xfb\xb8\xce\xees\x81\x80\x0f\xdf\
\xdf\xd9s\xe0`\xfd\x9b>\x05xg\xe1\xc7\xf6\xd8\xf1\
\x17\xf6/\xda\xbf\xe2g\xf6O\xb2\xf9\xdeu\xd4\xb3\xff\
\x00\xaa\xde\xfbq\xe6\xed\xfb\xc7;s\xc6p>U\xfd\
\x97\x7f\xe0\x94\x9f\xf0\xcd\x9f\x1d|3\xf1\x1f\xfe\x16\x87\
\xfc$\x7f\xd8\xbfj\xff\x00\x89o\xfc#\xff\x00e\xf3\
\xbc\xebY`\xff\x00[\xf6\xa7\xdb\x8f7w\xdd9\xdb\
\x8e3\x91\xf0\x07\xfc=\x1b\xf6\x9d\xff\x00\xa2\x99\xff\x00\
\x94\x0d/\xff\x00\x91\xab\xf7\xfe\x80>S\xfd\xb9\xbfn\
_\xf8b\xff\x00\xf8B\x7f\xe2\x89\xff\x00\x84\xc7\xfe\x12\
_\xb6\xff\x00\xcc[\xec?f\xfb?\xd9\xff\x00\xe9\x8c\
\xbb\xf7}\xa3\xdb\x1b{\xe7\x8fV\xfd\x97>9\x7f\xc3\
I\xfc\x0a\xf0\xcf\xc4\x7f\xecO\xf8G\x7f\xb6\xbe\xd5\xff\
\x00\x12\xdf\xb5\xfd\xab\xc9\xf2n\xa5\x83\xfdn\xc4\xdd\x9f\
+w\xdd\x18\xdd\x8eq\x92\xbf\x1c\xbfe\xcf\x86?\xb4\
\x91\xd1\x0f\xc4o\x0c\xff\x00\xc2Dt_?\xec\x18\xbf\
\xba\xb5\xf2|\xef/\xcc\xff\x00Q*n\xcf\x95\x1f\xde\
\xce6\xf1\x8c\x9c\xf5_\x0b~\x16xc\xe0\xb7\x814\
\xcf\x06\xf87L\xfe\xc7\xf0\xde\x9b\xe6\xfd\x96\xcb\xed\x12\
\xcf\xe5\xf9\x92\xbc\xaf\xf3\xca\xcc\xe7/#\x9eX\xe38\
\x1c\x00(\x03\xab\xa2\x8a(\x00\xa2\x8a(\x00\xa4'\x00\
\x93\xd0R\xd2\x1e\x94\x01\xe0?\x14\x7foO\x81_\x05\
\xfcu\xa9\xf87\xc6^8:7\x894\xdf+\xedV\
_\xd9\x17\xf3\xf9~dI*|\xf1@\xc8r\x92!\
\xe1\x8e3\x83\x82\x08\xaeS\xfe\x1e\x8b\xfb1\xff\x00\xd1\
L?\xf8 \xd5?\xf9\x1a\xbf*\xff\x00\xe0\xa8\xdc~\
\xdd\x7f\x13?\xee\x19\xff\x00\xa6\xcbJ\xfa\xab\xfe\x1ce\
\xff\x00U\xb3\xff\x00-O\xfe\xed\xa0\x0f\xaa\xbf\xe1\xe8\
\xbf\xb3\x1f\xfd\x14\xc3\xff\x00\x82\x0dS\xff\x00\x91\xa8\xff\
\x00\x87\xa2\xfe\xcc\x7f\xf4S\x0f\xfe\x085O\xfeF\xaf\
\x95\x7f\xe1\xc6\x7f\xf5[\x7f\xf2\xd4\xff\x00\xee\xda?\xe1\
\xc6_\xf5[?\xf2\xd4\xff\x00\xee\xda\x00\xfa\xab\xfe\x1e\
\x8b\xfb1\xff\x00\xd1L?\xf8 \xd5?\xf9\x1a\xbdS\
\xe0o\xedI\xf0\xc3\xf6\x93\xfe\xdb\xff\x00\x85s\xe2o\
\xf8H\xbf\xb1|\x8f\xb7\xff\x00\xa0]Z\xf9>w\x99\
\xe5\x7f\xaf\x897g\xca\x93\xee\xe7\x1by\xc6F\x7f+\
\x7fj/\xf8%/\xfc3_\xc0\xaf\x13|G?\x14\
\x7f\xe1#\xfe\xc5\xfb/\xfcK\x7f\xe1\x1f\xfb/\x9d\xe7\
]E\x07\xfa\xdf\xb5>\xdcy\xbb\xbe\xe9\xce\xdcq\x9c\
\x8fT\xff\x00\x82\x19s\xff\x00\x0b\xb3\xd3\xfe$\x9f\xfb\
\x7f@\x1c\x9f\xed\xe9\xfb\x06|u\xf8\xd5\xfbX\xf8\xeb\
\xc6^\x0c\xf07\xf6\xcf\x86\xf5/\xb0\xfd\x96\xf7\xfb^\
\xc2\x0f3\xcb\xb0\xb7\x89\xfeIgW\x18x\xdcr\xa3\
8\xc8\xe0\x83_\xa0\x1f\xb7\xaf\xc2\xef\x13\xfch\xfd\x93\
\xbcs\xe0\xdf\x06\xe9\x9f\xdb>$\xd4\xfe\xc3\xf6K/\
\xb4E\x07\x99\xe5\xdf\xdb\xca\xff\x00<\xac\xa80\x91\xb9\
\xe5\x86q\x81\xc9\x02\xbd\xff\x00\x8a\xf2\xaf\xda\x8f\xe3\x9f\
\xfc3o\xc0\xaf\x13|F\xfe\xc4\xff\x00\x84\x8b\xfb\x17\
\xec\xbf\xf1,\xfb_\xd9|\xef:\xea(?\xd6\xec}\
\xb8\xf3w}\xd3\x9d\xb8\xe39\x00\x1f*\xff\x00\xc1)\
\x7fe\xdf\x89\xdf\xb3`\xf8\xa2~#xg\xfe\x11\xd1\
\xad\x7fe\xfd\x83\xfd>\xd6\xeb\xce\xf2~\xd7\xe6\x7f\xa8\
\x95\xf6\xe3\xcd\x8f\xefc;\xb8\xce\x0e>\x01\xff\x00\x82\
\xa3\xff\x00\xc9\xf6|M\xff\x00\xb8g\xfe\x9a\xed+\xf5\
K\xf6\x19\xfd\xb9\xbf\xe1\xb3\xff\x00\xe16\xff\x00\x8a'\
\xfe\x10\xdf\xf8F\xbe\xc5\xff\x001o\xb7}\xa7\xed\x1f\
h\xff\x00\xa6\x11l\xdb\xf6\x7f|\xee\xed\x8e\x7f+\x7f\
\xe0\xa8\xdc\xfe\xdd\x7f\x13?\xee\x19\xff\x00\xa6\xcbJ\x00\
\xe5>(\xfe\xc1\x7f\x1d~\x0bx\x17S\xf1\x97\x8c\xfc\
\x0e4o\x0d\xe9\xbeW\xda\xaf\x7f\xb5\xec'\xf2\xfc\xc9\
R$\xf9\x22\x9d\x9c\xe5\xe4A\xc2\x9cg'\x00\x13^\
\x03\xb4\xee\xdb\xdf8\xaf\xd5?\xf8n\x7f\xf8y?\xfc\
c\x97\xfc!?\xf0\xae\xbf\xe14\xff\x00\x99\x97\xfbW\
\xfbS\xec\x7fd\xff\x00O\xff\x00\x8fo&\x1f3\x7f\
\xd9<\xbf\xf5\x8b\xb7~\xeev\xed)\xff\x00\x0e4\xcf\
?\xf0\xbb?\xf2\xd4\xff\x00\xee\xda\x00\xf8\xaf\xe1w\xec\
\x17\xf1\xd7\xe3O\x81t\xcf\x19x3\xc0\xe3Y\xf0\xde\
\xa5\xe6\xfd\x96\xf7\xfb^\xc2\x0f3\xcb\x95\xe2\x7f\x92Y\
\xd5\xc6\x1e7\x1c\xa8\xce22\x085\xfa\x01\xfbz\xfe\
\xde\x7f\x02\xbe4\xfe\xc9\xde:\xf0o\x83<pu\x9f\
\x12j_a\xfb-\x97\xf6E\xfc\x1eg\x97\x7fo+\
\xfc\xf2\xc0\xa80\x91\xb9\xe5\x86q\x81\xc9\x02\xbe\xd3\xfd\
\x97>\x06\x0f\xd9\xb3\xe0W\x86~\x1c\x7fm\x8f\x11\x7f\
b\xfd\xab\xfe&\x7fd\xfb/\x9d\xe7]K?\xfa\xad\
\xef\xb7\x1en\xdf\xbcs\xb7<g\x03\xf9\xad\xe6\x80=\
W\xe0o\xec\xb7\xf1?\xf6\x93\xfe\xdb\xff\x00\x85s\xe1\
\x9f\xf8H\xbf\xb1|\x8f\xb7\xff\x00\xa7\xda\xda\xf9>w\
\x99\xe5\x7f\xaf\x957g\xca\x93\xee\xe7\x1by\xc6F}\
S\xfe\x1ds\xfbN\xff\x00\xd13\xff\x00\xca\xfe\x97\xff\
\x00\xc95\xf5W\xfc\x10\xcb\xfekf\x7f\xea\x09\xff\x00\
\xb7\xf5\xfa\xa9\xc5\x00~\x00\xff\x00\xc3\xae\x7fi\xdf\xfa\
&\x7f\xf9_\xd2\xff\x00\xf9&\xbc\xaf\xe3\x97\xec\xb7\xf1\
?\xf6l\xfe\xc4\xff\x00\x85\x8d\xe1\x9f\xf8G\x7f\xb6\xbc\
\xff\x00\xb0\x7f\xa7\xda\xddy\xdeO\x97\xe6\xff\x00\xa8\x95\
\xf6\xe3\xcd\x8f\xefc;\xb8\xce\x0e?\x7f\x7fj?\x8e\
_\xf0\xcd\x9f\x02\xbcM\xf1\x1f\xfb\x13\xfe\x12/\xec_\
\xb2\xff\x00\xc4\xb7\xed\x7fe\xf3\xbc\xeb\xa8\xa0\xff\x00[\
\xb1\xf6\xe3\xcd\xdd\xf7Nv\xe3\x8c\xe4~+\xfe\xdc\xbf\
\xb77\xfc6\x87\xfc!?\xf1D\xff\x00\xc2\x1c|7\
\xf6\xdf\xf9\x8b}\xbb\xed?h\xfb?\xfd1\x8bf\xdf\
#\xdf;\xbbc\x90\x0f\xb5\x7f`\xaf\xdb\xcf\xe0W\xc1\
o\xd9;\xc0\xbe\x0d\xf1\x9f\x8e\x0e\x8d\xe2M7\xed\xdf\
j\xb2\xfe\xc8\xbf\x9f\xcb\xf3/\xee%O\x9e(\x19\x0e\
RD<1\xc6py\x04W\xbf\xff\x00\xc1Q\xff\x00\
\xe4\xc4\xfe&\xff\x00\xdc3\xff\x00N\x96\x95\xf0\x07\xec\
\xbb\xff\x00\x04\xa5\xff\x00\x86\x93\xf8\x15\xe1\x9f\x88\xdf\xf0\
\xb4\x7f\xe1\x1c\xfe\xda\xfbW\xfcK?\xe1\x1f\xfbW\x93\
\xe4\xddK\x07\xfa\xdf\xb5&\xec\xf9[\xbe\xe8\xc6\xecs\
\x8c\x9f\xbf\xff\x00\xe0\xa8\xff\x00\xf2b\x9f\x13?\xee\x19\
\xff\x00\xa7;J\x00\xfc\x01\xa2\xbe\xaa\xfd\x86\x7fa\x8f\
\xf8m\x0f\xf8M\xbf\xe2\xb5\xff\x00\x84;\xfe\x11\xaf\xb1\
\x7f\xcc'\xed\xdfi\xfbG\xda?\xe9\xbc[6\xfd\x9f\
\xdf;\xbbc\x9f*\xfd\xa8\xfe\x06\x7f\xc35\xfcu\xf1\
7\xc3\x8f\xed\xbf\xf8H\xbf\xb1~\xcb\xff\x00\x13/\xb2\
}\x97\xce\xf3\xadb\x9f\xfdV\xf7\xdb\x8f7o\xde9\
\xdb\x9e3\x80\x01\xfd\x14|R\xf8\xa7\xe1\x8f\x82\xde\x04\
\xd4\xfce\xe3-O\xfb\x1f\xc3zo\x95\xf6\xab\xdf\xb3\
\xcb?\x97\xe6J\x91'\xc9\x12\xb3\x9c\xbc\x888S\x8c\
\xe4\xf0\x09\xaeS\xe0o\xedG\xf0\xc7\xf6\x92:\xd8\xf8\
s\xe2o\xf8H\x8e\x8b\xe4\xfd\xbf6\x17V\xbeO\x9d\
\xe6y\x7f\xeb\xe2M\xd9\xf2\xa4\xfb\xb9\xc6\xdeq\x91\x93\
\xf6\xa3\xf8\x1b\xff\x00\x0d'\xf0+\xc4\xdf\x0e?\xb6\xff\
\x00\xe1\x1d\xfe\xda\xfb/\xfcL\xbe\xc9\xf6\xaf'\xc9\xba\
\x8a\x7f\xf5[\xd3v|\xad\xbfxcvy\xc6\x0f\x95\
~\xc3?\xb0\xcf\xfc1\x7f\xfc&\xdf\xf1[\x7f\xc2c\
\xff\x00\x09/\xd8\xbf\xe6\x15\xf6\x1f\xb3}\x9f\xed\x1f\xf4\
\xde]\xfb\xbe\xd1\xed\x8d\xbd\xf3\xc0\x07\xe5g\xfc\x15\x1f\
\xfeO\xb3\xe2o\xfd\xc3?\xf4\xd7i\x5c\xa7\xec\x15\xf1\
G\xc3\x1f\x05\xff\x00k\x1f\x03x\xcb\xc6Z\x9f\xf6?\
\x86\xf4\xcf\xb7}\xae\xf7\xec\xf2\xcf\xe5\xf9\x96\x17\x11'\
\xc9\x12\xb3\x9c\xbc\x888S\x8c\xe4\xf0\x09\xae\xab\xfe\x0a\
\x8d\xff\x00'\xd7\xf17\xfe\xe1\x9f\xfal\xb4\xafV\xfd\
\xa8\xbf\xe0\x94\xbf\xf0\xcd\x7f\x02\xbcM\xf1\x1f\xfe\x16\x8f\
\xfc$\x7f\xd8\xbff\xff\x00\x89g\xfc#\xff\x00e\xf3\
\xbc\xeb\xa8\xa0\xff\x00[\xf6\xa7\xdb\x8f7w\xdd9\xdb\
\x8e3\x90\x01\xea\x9f\xb7G\xfcl\x97\xfe\x10\x9f\xf8g\
/\xf8\xb8\x9f\xf0\x85}\xbb\xfb{\xfea\x7fc\xfb_\
\xd9\xfe\xcd\xff\x00\x1f\xdeO\x99\xbf\xec\x97\x1f\xea\xf7m\
\xd9\xf3cr\xe7\xed_\xd8+\xe1w\x89\xfe\x0b\xfe\xc9\
\xde\x06\xf0o\x8c\xb4\xcf\xeco\x12i\x9fn\xfb]\x97\
\xda\x22\x9f\xcb\xf3/\xee%O\x9e&d9I\x10\xf0\
\xc7\x19\xc1\xe4\x11_\x90?\xb0\xd7\xed\xcc?b\xff\x00\
\xf8M\xbf\xe2\x89\xff\x00\x84\xc7\xfe\x12_\xb0\xff\x00\xcc\
W\xec?f\xfb?\xda?\xe9\x8c\xbb\xf7}\xa3\xdb\x1b\
{\xe7\x8f\xaa\xbf\xe1\xf9\xbf\xf5D\xff\x00\xf2\xeb\xff\x00\
\xee*\x00\xfdT\xa2\x8a(\x00\xa2\x8a(\x00\xa4=)\
i\x0fJ\x00\xfc\x02\xff\x00\x82\xa3\xff\x00\xc9\xf6|M\
\xff\x00\xb8g\xfe\x9a\xed+\xf5\xfb\xf6\xf5\xf8\xa3\xe2\x7f\
\x82\xff\x00\xb2w\x8e|e\xe0\xddO\xfb\x1b\xc4\x9ag\
\xd8~\xc9{\xf6x\xa7\xf2\xfc\xcb\xfbx\x9f\xe4\x95Y\
\x0eRG\x1c\xa9\xc6r9\x00\xd7\xe4\x0f\xfc\x15\x1f\xfe\
O\xb3\xe2o\xfd\xc3?\xf4\xd7i_\xaa\x9f\xf0T\x7f\
\xf91?\x89\xbf\xf7\x0c\xff\x00\xd3\xa5\xa5\x00~U\x7f\
\xc3\xd1\x7fi\xc1\xc0\xf8\x99\xc7\xfd\x804\xbf\xfeF\xa3\
\xfe\x1e\x8d\xfbN\xff\x00\xd1L\xff\x00\xca\x06\x97\xff\x00\
\xc8\xd5\xf2\xb5\x14\x01\xfb\xfd\xff\x00\x05G\xff\x00\x93\x13\
\xf8\x9b\xff\x00p\xcf\xfd:ZW\xca\x9f\xf0C.\x7f\
\xe1v\x7f\xdc\x13\xff\x00o\xeb\xea\xbf\xf8*?\xfc\x98\
\x9f\xc4\xdf\xfb\x86\x7f\xe9\xd2\xd2\xbeU\xff\x00\x82\x18\xf5\
\xf8\xd9\xff\x00pO\xfd\xbf\xa0\x0eO\xf6\xf4\xfd\xbc\xfe\
:\xfc\x15\xfd\xac|u\xe0\xdf\x06x\xe7\xfb\x1b\xc3z\
o\xd8~\xcbe\xfd\x91a?\x97\xe6X[\xca\xff\x00\
<\xb03\x9c\xbc\x8eyc\x8c\xe0p\x00\xae[\xf6[\
\xfd\xa8\xfe'~\xda\x1f\x1d\xbc3\xf0o\xe3'\x89\xbf\
\xe11\xf8o\xe2_\xb5\x7fj\xe8\xbf`\xb5\xb1\xfbO\
\xd9\xede\xba\x87\xf7\xd6\xb1E2m\x9a\xde'\xf9\x1c\
gn\x0eT\x90\x7fjh\xa0\x0f\xca\xaf\xdb\x9f\xfe5\
\xb1\xff\x00\x08O\xfc3\x97\xfc[\xaf\xf8M>\xdd\xfd\
\xbd\xff\x001O\xb6}\x93\xec\xff\x00f\xff\x00\x8f\xdf\
;\xcb\xd9\xf6\xbb\x8f\xf5{s\xbf\xe6\xce\xd5\xc7\xab~\
\xcb\x7f\xb2\xe7\xc3\x1f\xdbC\xe0O\x86~2|d\xf0\
\xcf\xfc&?\x12<K\xf6\xaf\xed]k\xfbB\xea\xc7\
\xed?g\xba\x96\xd6\x1f\xdc\xda\xcb\x14)\xb6\x1bx\x93\
\xe4A\x9d\xb99bI\xf2\xaf\xf8.h\xc9\xf8'\xff\
\x00q\xbf\xfd\xb0\xae\xaf\xf6\x0a\xfd\xbc\xfe\x05|\x16\xfd\
\x93\xbc\x0b\xe0\xdf\x19\xf8\xe0\xe8\xde$\xd3~\xdd\xf6\xab\
/\xec\x8b\xf9\xfc\xbf2\xfe\xe2T\xf9\xe2\x81\x90\xe5$\
C\xc3\x1cg\x07\x90E\x00u_\xb5'\xec\xb9\xf0\xc7\
\xf6/\xf8\x13\xe2o\x8c\x9f\x06\xfc3\xff\x00\x08w\xc4\
\x8f\x0d}\x97\xfb+Z\xfe\xd0\xba\xbe\xfb7\xda.\xa2\
\xb5\x9b\xf77R\xcb\x0b\xee\x86\xe2T\xf9\xd0\xe3vF\
\x18\x02\x13\xfe\x09M\xfbQ|N\xfd\xa5?\xe1h\xff\
\x00\xc2\xc7\xf17\xfc$_\xd8\xbf\xd9\x7f`\xff\x00@\
\xb5\xb5\xf2|\xef\xb5\xf9\x9f\xea\x22M\xd9\xf2\xa3\xfb\xd9\
\xc6\xde1\x93\x9f\x95\xbfe\xbf\xd9s\xe2w\xec_\xf1\
\xdb\xc3?\x19>2xg\xfe\x10\xef\x86\xfe\x1a\xfbW\
\xf6\xae\xb5\xf6\xfb[\xef\xb3}\xa2\xd6[X\x7fsk\
,\xb3>\xe9\xae\x22O\x91\x0e7d\xe1A#\xd5?\
n\x7f\xf8\xd90\xf0O\xfc3\x97\xfc\x5cO\xf8B\xfe\
\xdd\xfd\xbd\xff\x000\xbf\xb1\xfd\xaf\xec\xff\x00f\xff\x00\
\x8f\xef'\xcc\xdf\xf6K\x8f\xf5{\xb6\xec\xf9\xb1\xb9r\
\x01\xca~\xde\x9f\xb7\x9f\xc7_\x82\xbf\xb5\x8f\x8e\xbc\x1b\
\xe0\xcf\x1c\xff\x00cxoM\xfb\x0f\xd9l\xbf\xb2,\
'\xf2\xfc\xcb\x0by_\xe7\x96\x06s\x97\x91\xcf,q\
\x9c\x0e\x00\x15\xf6\xb7\xfc:\xeb\xf6c\xff\x00\xa2f\x7f\
\xf0\x7f\xaa\x7f\xf2Mu_\xb0W\xc2\xef\x13\xfc\x17\xfd\
\x93\xbc\x0d\xe0\xdf\x19i\x9f\xd8\xde$\xd3>\xdd\xf6\xbb\
/\xb4E?\x97\xe6_\xdcJ\x9f<L\xc8r\x92!\
\xe1\x8e3\x83\xc8\x22\xbeV\xfd\xbd\x7fo?\x81_\x1a\
\x7fd\xef\x1dx7\xc1\x9e8:\xcf\x895/\xb0\xfd\
\x96\xcb\xfb\x22\xfe\x0f3\xcb\xbf\xb7\x95\xfey`T\x18\
H\xdc\xf2\xc38\xc0\xe4\x81@\x1c\x9f\xed\xd0?\xe1\xdb\
?\xf0\x84\x8f\xd9\xcb\xfe-\xdf\xfc&\x9fn\xfe\xde\xff\
\x00\x98\xa7\xdb>\xc9\xf6\x7f\xb3\x7f\xc7\xf7\x9f\xe5\xec\xfb\
]\xc7\xfa\xbd\xbb\xb7\xfc\xd9\xda\xb8\xfbW\xf6\x0a\xf8\xa3\
\xe2\x7f\x8d\x1f\xb2w\x81\xbce\xe3-O\xfbg\xc4\x9a\
\x9f\xdb\xbe\xd7{\xf6x\xa0\xf3<\xbb\xfb\x88\x93\xe4\x89\
U\x06\x124\x1c(\xce2y$\xd7\xe1g\xc0\xdf\xd9\
o\xe2w\xed$5\xb3\xf0\xe7\xc3?\xf0\x91\x0d\x17\xc8\
\xfb\x7f\xfa}\xad\xaf\x93\xe7y\x9e_\xfa\xf9Sv|\
\xa9>\xeeq\xb7\x9cdg\x95\xf8\xa5\xf0\xb7\xc4\xff\x00\
\x05\xbcw\xa9\xf87\xc6Zg\xf67\x894\xdf+\xed\
V^|S\xf9~dI*|\xf13!\xcaH\x87\
\x868\xce\x0f \x8a\x00\xfd\xd3\xff\x00\x82\xa3\xff\x00\xc9\
\x89\xfcM\xff\x00\xb8g\xfe\x9d-+\xf0\x04\x1c\x1c\x8e\
\xb5\xef\xff\x00\xb0W\xc5\x1f\x0c|\x17\xfd\xac|\x0d\xe3\
/\x19j\x7f\xd8\xfe\x1b\xd3>\xdd\xf6\xbb\xdf\xb3\xcb?\
\x97\xe6X\x5cD\x9f$J\xcer\xf2 \xe1N3\x93\
\xc0&\xbft\xfe\x06~\xd4\x7f\x0c\x7fi#\xad\x8f\x87\
>&\xff\x00\x84\x88\xe8\xbeG\xdb\xff\x00\xd0.\xad|\
\x9f;\xcc\xf2\xff\x00\xd7\xc4\x9b\xb3\xe5I\xf7s\x8d\xbc\
\xe3# \x1f\x85\x9f\x0b\xbfoO\x8e\xbf\x05\xbc\x0b\xa6\
x7\xc1\x9e8\x1a7\x86\xf4\xdf7\xec\xb6_\xd9\x16\
\x13\xf9~d\xaf+\xfc\xf2\xc0\xcer\xf29\xe5\x8e3\
\x81\x80\x00\xaf\xdf\xef\x8a_\x0b<1\xf1\xa7\xc0\x9a\x9f\
\x83|e\xa6\x7flxoR\xf2\xbe\xd5e\xf6\x89`\
\xf3<\xb9RT\xf9\xe2eq\x87\x8d\x0f\x0c3\x8c\x1e\
\x09\x15\xd5\xd7\xe0\x0f\xfc\x12\xe3\xfeO\xb3\xe1\x97\xfd\xc4\
\xff\x00\xf4\xd7w@\x1f\xb5\x1f\x03\x7fe\xcf\x86?\xb3\
i\xd6\xcf\xc3\x9f\x0c\xff\x00\xc2:u\xaf'\xed\xf9\xbf\
\xba\xba\xf3\xbc\x9f3\xcb\xff\x00_+\xed\xc7\x9b'\xdd\
\xc6ws\x9c\x0c~+\xff\x00\xc1Q\xff\x00\xe4\xfb>\
&\xff\x00\xdc3\xff\x00Mv\x95\xf5O\xfc\x177\xfe\
h\x9f\xfd\xc6\xff\x00\xf6\xc2\xbf+(\x03\xea\x9f\xf8z\
7\xed;\xff\x00E3\xff\x00(\x1a_\xff\x00#P\
\x7f\xe0\xa8\xbf\xb4\xe1\x18?\x132?\xec\x01\xa5\xff\x00\
\xf25}\xad\xfbz\xfe\xde\x7f\x02\xbe4\xfe\xc9\xde:\
\xf0o\x83<pu\x9f\x12j_a\xfb-\x97\xf6E\
\xfc\x1eg\x97\x7fo+\xfc\xf2\xc0\xa80\x91\xb9\xe5\x86\
q\x81\xc9\x02\xbf pwc\xbd\x00u_\x14\xbe)\
x\x9f\xe3O\x8e\xf5?\x19x\xcbS\xfe\xd9\xf1&\xa5\
\xe5}\xaa\xf7\xc8\x8a\x0f3\xcb\x89\x22O\x92%T\x18\
H\xd0p\xa38\xc9\xe4\x93^\xa9\xf1G\xf6\xf4\xf8\xeb\
\xf1\xa7\xc0\xba\x9f\x83|g\xe3\x81\xac\xf8oR\xf2\xbe\
\xd5e\xfd\x91a\x07\x99\xe5\xca\x92\xa7\xcf\x14\x0a\xe3\x0f\
\x1a\x1e\x18g\x189\x04\x8a>\x17~\xc1\x7f\x1d~4\
\xf8\x17L\xf1\x97\x83<\x0e5\x9f\x0d\xea^o\xd9o\
\x7f\xb5\xec \xf3<\xb9^'\xf9%\x9d\x5ca\xe3q\
\xca\x8c\xe3# \x83^W\xf0\xb7\xe1o\x89\xfe4\xf8\
\xefL\xf0o\x83t\xcf\xed\x9f\x12j^o\xd9l\xbc\
\xf8\xa0\xf3<\xb8\x9eW\xf9\xe5eA\x84\x8d\xcf,3\
\x8c\x0eH\x14\x01\xca\xe4\xee\xcfz\xfd~\xfd\x82\xbf`\
\xcf\x81_\x1a\x7fd\xef\x02\xf8\xcb\xc6~\x07:\xcf\x89\
5/\xb7}\xaa\xf7\xfb^\xfe\x0f3\xcb\xbf\xb8\x89>\
H\xa7T\x18H\xd0p\xa38\xc9\xe4\x93\x5c\x9f\xec-\
\xff\x00\x1a\xd9\xff\x00\x84\xd7\xfe\x1a7\xfe-\xdf\xfc&\
\x9fa\xfe\xc1\xc7\xfcM>\xd9\xf6O\xb4}\xa7\xfe<\
|\xef/g\xda\xed\xff\x00\xd6m\xdd\xbf\xe5\xce\xd6\xc7\
\xe9W\xc2\xdf\x8a~\x18\xf8\xd3\xe0M3\xc6^\x0d\xd4\
\xff\x00\xb6<7\xa9y\xbfe\xbd\xfb<\xb0y\x9e\x5c\
\xaf\x13\xfc\x92\xaa\xb8\xc3\xc6\xe3\x95\x19\xc6G\x04\x1a\x00\
\xea\xe8\xa2\x8a\x00(\xa2\x8a\x00)\x0fJZC\xd2\x80\
?\x00\xbf\xe0\xa8\xff\x00\xf2}\x9f\x13\x7f\xee\x19\xff\x00\
\xa6\xbbJ\xfd\xa8\xfd\xa8\xfe\x06\xff\x00\xc3I\xfc\x0a\xf1\
7\xc3\x8f\xed\xbf\xf8G\x7f\xb6\xbe\xcb\xff\x00\x13/\xb2\
}\xab\xc9\xf2n\xa2\x9f\xfdV\xf4\xdd\x9f+o\xde\x18\
\xdd\x9eq\x83\xf8\xaf\xff\x00\x05G\xff\x00\x93\xec\xf8\x9b\
\xff\x00p\xcf\xfd5\xdaR\x7f\xc3\xd1\xbfi\xdf\xfa)\
\x9f\xf9@\xd2\xff\x00\xf9\x1a\x80>\xaa\xff\x00\x87\x19\x7f\
\xd5l\xff\x00\xcbS\xff\x00\xbbh\xff\x00\x87\x19\x7f\xd5\
l\xff\x00\xcbS\xff\x00\xbbk\xe5_\xf8z7\xed;\
\xff\x00E3\xff\x00(\x1a_\xff\x00#Q\xff\x00\x0f\
F\xfd\xa7\x7f\xe8\xa6\x7f\xe5\x03K\xff\x00\xe4j\x00\xfd\
U\xff\x00\x82\xa3s\xfb\x0a|L\xff\x00\xb8g\xfe\x9c\
\xed+\xe5O\xf8!\x97\x1f\xf0\xbb;\x7f\xc8\x13\xff\x00\
o\xeb\xe2\xbf\x8a?\xb7\xa7\xc7_\x8d>\x05\xd4\xfc\x1b\
\xe3?\x1c\x0dg\xc3z\x97\x95\xf6\xab/\xec\x8b\x08<\
\xcf.T\x95>x\xa0W\x18x\xd0\xf0\xc38\xc1\xc8\
$W\xda\x9f\xf0C?\x9b\xfe\x17ny\xcf\xf6&\x7f\
\xf2~\x80=W\xf6\xa2\xff\x00\x82\xad\x1f\xd9\xb3\xe3\xaf\
\x89\xbe\x1c\x7f\xc2\xae\xff\x00\x84\x8f\xfb\x17\xec\xdf\xf13\
\xff\x00\x84\x83\xec\xbew\x9dk\x14\xff\x00\xea\xbe\xca\xfb\
q\xe6\xed\xfb\xc7;s\xc6p>\xab\xfd\xa8\xfe9\xff\
\x00\xc36|\x0a\xf17\xc4\x7f\xecO\xf8H\xbf\xb1~\
\xcb\xff\x00\x12\xdf\xb5\xfd\x97\xce\xf3\xae\xa2\x83\xfdn\xc7\
\xdb\x8f7w\xdd9\xdb\x8e3\x91\xca\xfcQ\xfd\x82\xfe\
\x05|h\xf1\xd6\xa7\xe3/\x19x\x1c\xeb>$\xd4\xbc\
\xaf\xb5^\xff\x00k\xdf\xc1\xe6yq$I\xf2E:\
\xa0\xc2F\x83\x85\x19\xc6NI&\xb9O\xf8*?\xfc\
\x98\x9f\xc4\xdf\xfb\x86\x7f\xe9\xd2\xd2\x80>T\xcf\xfc>\
\x87\x1f\xf3G\x7f\xe1[\x7f\xdcs\xfbG\xfbC\xff\x00\
\x01\xbc\xaf/\xec\x1f\xed\xee\xf3\x7f\x87o\xcd\xf0\x0f\xed\
G\xf07\xfe\x19\xb3\xe3\xaf\x89\xbe\x1c\x7fm\xff\x00\xc2\
E\xfd\x8b\xf6_\xf8\x99}\x93\xec\xbew\x9dk\x14\xff\
\x00\xea\xb7\xbe\xdcy\xbb~\xf1\xce\xdc\xf1\x9c\x03\xe0o\
\xedG\xf1;\xf6m\x1a\xd8\xf8s\xe2o\xf8GF\xb5\
\xe4}\xbf6\x16\xb7^w\x93\xe6y\x7f\xeb\xe2}\xb8\
\xf3d\xfb\xb8\xce\xees\x81\x8eW\xe2\x97\xc5/\x13\xfc\
i\xf1\xde\xa7\xe3/\x19j\x7f\xdb>$\xd4\xbc\xaf\xb5\
^\xf9\x11A\xe6yq$I\xf2D\xaa\x83\x09\x1a\x0e\
\x14g\x19<\x92h\x03\xfa'\xfd\xa8\xfe\x06\x7f\xc3I\
|\x0a\xf17\xc3\x9f\xed\xbf\xf8G\x7f\xb6\xbe\xcb\xff\x00\
\x13?\xb2}\xab\xc9\xf2n\xa2\x9f\xfdV\xf4\xdd\x9f+\
o\xde\x18\xdd\x9eq\x83\xe5?\xb0\xd7\xec3\xff\x00\x0c\
_\xff\x00\x09\xb6|m\xff\x00\x09\x8f\xfc$\xbfa\xff\
\x00\x98W\xd8~\xcf\xf6\x7f\xb4\x7f\xd3yw\xee\xfbG\
\xb66\xf7\xcf\x1dg\xed\xeb\xf1G\xc4\xff\x00\x05\xff\x00\
d\xef\x1c\xf8\xcb\xc1\xba\x9f\xf67\x894\xcf\xb0\xfd\x92\
\xf7\xec\xf1O\xe5\xf9\x97\xf6\xf1?\xc9*\xb2\x1c\xa4\x8e\
9S\x8c\xe4r\x01\xaf\xc8\x0f\xf8z/\xed9\x8c\x7f\
\xc2\xcb\x18\xe9\x8f\xec\x0d/\xff\x00\x91\xa8\x03\xef\xff\x00\
\xda\x8b\xfe\x0a\xb5\xff\x00\x0c\xd7\xf1\xd7\xc4\xdf\x0e?\xe1\
W\x7f\xc2G\xfd\x8b\xf6o\xf8\x99\x7f\xc2A\xf6_;\
\xce\xb5\x8a\x7f\xf5_e}\xb8\xf3v\xfd\xe3\x9d\xb9\xe3\
8\x1f\x8a\xfc\xd7W\xf1K\xe2\x97\x89\xfe4\xf8\xefS\
\xf1\x97\x8c\xb5?\xed\x9f\x12j^W\xda\xaf|\x88\xa0\
\xf3<\xb8\x92$\xf9\x22UA\x84\x8d\x07\x0a3\x8c\x9e\
I5\xfa\xa9\xfbz\xfe\xc1\x9f\x02\xbe\x0b~\xc9\xde:\
\xf1\x97\x83<\x0eto\x12i\xbfa\xfb-\xef\xf6\xbd\
\xfc\xfe_\x99\x7fo\x13\xfc\x92\xce\xc8r\x928\xe5N\
3\x91\xc8\x06\x809?\xf8!\x9f\xfc\xd6\xcc\xff\x00\xd4\
\x13\xff\x00o\xeb\xd5\x7fj/\xf8%/\xfc4\x9f\xc7\
_\x13|G\xff\x00\x85\xa3\xff\x00\x08\xe7\xf6\xd7\xd9\x7f\
\xe2[\xff\x00\x08\xff\x00\xda\xbc\x9f&\xd6(?\xd6\xfd\
\xa97g\xca\xdd\xf7F7c\x9cd\xfeV|\x0d\xfd\
\xa9>'\xfe\xcd\x9f\xdb\x7f\xf0\xae|M\xff\x00\x08\xef\
\xf6\xd7\x91\xf6\xff\x00\xf4\x0b[\xaf;\xc9\xf3<\xaf\xf5\
\xf1>\xdcy\xb2}\xdcgw9\xc0\xc7\xaa\x7f\xc3\xd1\
\xbfi\xdf\xfa)\x9f\xf9@\xd2\xff\x00\xf9\x1a\x80>V\
\xe4W\xea\x9f\xfc\x10\xcc\xe3\xfe\x17f\x7f\xea\x09\xff\x00\
\xb7\xf5\xd6~\xde\xbf\xb0g\xc0\xaf\x82\xdf\xb2w\x8e\xbc\
e\xe0\xcf\x03\x9d\x1b\xc4\x9ao\xd8~\xcb{\xfd\xaf\x7f\
?\x97\xe6_\xdb\xc4\xff\x00$\xb3\xb2\x1c\xa4\x8e9S\
\x8c\xe4r\x01\xaf\xcd_\x81\xbf\xb5'\xc4\xff\x00\xd9\xb7\
\xfbo\xfe\x15\xcf\x89\xbf\xe1\x1d\xfe\xda\xf2>\xdf\xfe\x81\
ku\xe7y>g\x95\xfe\xbe'\xdb\x8f6O\xbb\x8c\
\xee\xe78\x18\x00\xfdS\xfd\xa8\xbf\xe0\xabG\xf6l\xf8\
\xeb\xe2o\x87\x1f\xf0\xab\xbf\xe1#\xfe\xc5\xfb7\xfcL\
\xff\x00\xe1 \xfb/\x9d\xe7Z\xc5?\xfa\xaf\xb2\xbe\xdc\
y\xbb~\xf1\xce\xdc\xf1\x9c\x03\xf6]\xff\x00\x82R\xff\
\x00\xc35\xfcu\xf0\xcf\xc4\x7f\xf8Z?\xf0\x91\xff\x00\
b\xfd\xab\xfe%\xbf\xf0\x8f\xfd\x97\xce\xf3\xade\x83\xfd\
o\xda\x9fn<\xdd\xdft\xe7n8\xceB\xfe\xcb\x7f\
\xb2\xe7\xc3\x1f\xdbC\xe0O\x86~2|d\xf0\xcf\xfc\
&?\x12<K\xf6\xaf\xed]k\xfbB\xea\xc7\xed?\
g\xba\x96\xd6\x1f\xdc\xda\xcb\x14)\xb6\x1bx\x93\xe4A\
\x9d\xb99bI\xf9\xfb\xf6\x0b\xfd\xbc\xfe:\xfcj\xfd\
\xac|\x0b\xe0\xdf\x19\xf8\xe7\xfbg\xc3z\x97\xdb\xbe\xd5\
e\xfd\x91a\x07\x99\xe5\xd8\x5cJ\x9f<P+\x8c<\
hxa\x9c`\xf0H\xa0\x0e\xaf\xfe\x0b\x99\xcf\xfc)\
?\xfb\x8d\xff\x00\xed\x85y_\xec\xbb\xff\x00\x04\xa4\xff\
\x00\x86\x94\xf8\x15\xe1\x9f\x88\xff\x00\xf0\xb4\x7f\xe1\x1c\xfe\
\xda\xfbW\xfcK?\xe1\x1f\xfbW\x93\xe4\xddK\x07\xfa\
\xdf\xb5&\xec\xf9[\xbe\xe8\xc6\xecs\x8c\x9f\xd5?\x8e\
?\xb2\xdf\xc3\x1f\xdaK\xfb\x10\xfcF\xf0\xcf\xfc$G\
E\xf3\xfe\xc1\x8b\xfb\xab_'\xce\xf2\xfc\xcf\xf5\x12\xa6\
\xec\xf9Q\xfd\xec\xe3o\x18\xc9\xcfW\xf0\xb7\xe1g\x86\
>\x0bx\x13L\xf0o\x83t\xcf\xec\x7f\x0d\xe9\xbeo\
\xd9l\xbe\xd1,\xfe_\x99+\xca\xff\x00<\xac\xcer\
\xf29\xe5\x8e3\x81\xc0\x02\x80? \x7fj/\xf8%\
/\xfc3g\xc0\xaf\x13|F\xff\x00\x85\xa3\xff\x00\x09\
\x1f\xf6/\xd9\x7f\xe2Y\xff\x00\x08\xff\x00\xd9|\xef:\
\xea(?\xd6\xfd\xa9\xf6\xe3\xcd\xdd\xf7Nv\xe3\x8c\xe4\
|\x01\xde\xbd\xff\x00\xe2\x8f\xed\xe9\xf1\xd7\xe3O\x81u\
?\x06\xf8\xcf\xc7\x03Y\xf0\xde\xa5\xe5}\xaa\xcb\xfb\x22\
\xc2\x0f3\xcb\x95%O\x9e(\x15\xc6\x1e4<0\xce\
0r\x09\x15\xe0\x04\xe4\x92z\x9a\x00\xfb\xff\x00\xf6]\
\xff\x00\x82\xad\x0f\xd9\xb3\xe0W\x86~\x1c\x7f\xc2\xae\xff\
\x00\x84\x8f\xfb\x17\xed_\xf13\xff\x00\x84\x83\xec\xbew\
\x9du,\xff\x00\xea\xbe\xca\xfbq\xe6\xed\xfb\xc7;s\
\xc6p=W\xfe\x18c\xfe\x1d\xb1\xff\x00\x19\x1d\xff\x00\
\x09\xb7\xfc,_\xf8B\xff\x00\xe6Z\xfe\xca\xfe\xcb\xfb\
g\xda\xff\x00\xd0?\xe3\xe7\xce\x9b\xcb\xd9\xf6\xbf3\xfd\
[n\xd9\xb7\x8d\xdb\x87\xe5]~\xff\x00\x7f\xc1Q\xff\
\x00\xe4\xc4\xfe&\xff\x00\xdc3\xff\x00N\x96\x94\x01\xf9\
W\xfbs~\xdc\xdf\xf0\xda\x1f\xf0\x84\xe3\xc1?\xf0\x87\
\x7f\xc25\xf6\xdf\xf9\x8a\xfd\xbb\xed?h\xfb?\xfd1\
\x8bf\xdf\xb3\xfb\xe7wls\xfa\xa9\xff\x00\x04\xb9\xff\
\x00\x93\x14\xf8g\xff\x00q?\xfd9\xdd\xd7\xe0\x088\
9\x1dk\xdf\xfe\x17~\xde\x9f\x1d~\x0bx\x17L\xf0\
o\x83<p4o\x0d\xe9\xbeo\xd9l\xbf\xb2,'\
\xf2\xfc\xc9^W\xf9\xe5\x81\x9c\xe5\xe4s\xcb\x1cg\x03\
\x00\x01@\x1f\xd1M\x14Q@\x05\x14Q@\x05\x14Q\
@\x05\x14Q@\x05\x14Q@\x05\x14Q@\x05\x14Q\
@\x05\x14Q@\x05\x14Q@\x05\x14Q@\x05\x14Q\
@\x05\x14Q@\x05\x14Q@\x05\x14Q@\x05\x14Q\
@\x05\x14Q@\x05\x14Q@\x05\x14Q@\x05\x14Q\
@\x05\x14Q@\x05\x14Q@\x05\x14Q@\x05\x14Q\
@\x05\x14Q@\x05\x14Q@\x05\x14Q@\x05\x14Q\
@\x05\x14Q@\x05\x14Q@\x05\x14Q@\x05\x14Q\
@\x05\x14Q@\x05\x14Q@\x05\x14Q@\x05\x14Q\
@\x05\x14Q@\x1f\xff\xd9\
\x00\x00!c\
\x00\
\x00\x01\x00\x01\x00\x00\x00\x00\x00\x01\x00 \x00M!\x00\
\x00\x16\x00\x00\x00\x89PNG\x0d\x0a\x1a\x0a\x00\x00\x00\
\x0dIHDR\x00\x00\x01\x00\x00\x00\x01\x00\x08\x06\x00\
\x00\x00\x5cr\xa8f\x00\x00!\x14IDATx\xda\
\xed\x9d\x09x\x13\xe5\xba\xc7\xdf\xa6i\x9b\xd2\x1dJ\xf7\
\x05\x0f\xa0\xe0\x01\x0e\x88(rPD\x10d\x95]@\
\xf1\x08\x88\x8a\xe2\x82\x0a^A\xd1\x07\x14\xafEQA\
)r\x80\xa3\x80\x94MV\xa1\x82,*\x88\x1cW\xae\
\x87\xab\x22p\x05\x9a\xee\xa5k\xba&M\xef|S\x0a\
\xa5\xfdf2\x93\xa6Y:\xff\xdf\xf3\xf0\xd063\x93\
L\x92\xef\xf7\xed\xef\xebE\x00\x00\xcd\xe2\xe5\xea\x17\x00\
\x00p\x1d\x10\x00\x00\x1a\x06\x02\x00@\xc3@\x00\x00h\
\x18\x08\x00\x00\x0d\x03\x01\x00\xa0a \x00\x004\x0c\x04\
\x00\x80\x86\x81\x00\x00\xd00\x10\x00\x00\x1a\x06\x02\x00@\
\xc3@\x00\x00h\x18\x08\x00\x00\x0d\x03\x01\x00\xa0a \
\x00\x004\x0c\x04\x00\x80\x86\x81\x00\x00\xd00\x10\x00\x00\
\x1a\x06\x02\x00@\xc3@\x00\x00h\x18\x08\x00\x00\x0d\x03\
\x01\x00\xa0a \x00\x004\x0c\x04\x00\x80\x86\x81\x00\x00\
\xd00\x10\x00\x00\x1a\x06\x02\x00@\xc38]\x005\x02\
\xae\xbei\x00\xdc\x15/\x01\xa7>\x9f\xb3o\x10\x02\x00\
@\x1a\x08\x00\x00\x0d\x03\x01\x00\xa0a \x00\x004\x0c\
\x04\x00\x80\x86\x81\x00\x00\xd00\x10\x00\x00\x1a\x06\x02\x00\
@\xc3@\x00\x00h\x18\x08\x00\x00\x0d\x03\x01\x00\xa0a\
 \x00'a5\x99\xc8|\xfeO2g\x18\xa9\xea\xfc\
y\xb2\x96\x9a\xc8ZRB5\x15\x15Dz\xbd\xab_\
\x1ehN,\x16\xf13\xf6\x0e\x0c ]hk\xf2\x89\
\x8b#\x9f\x18\xe1_\xbb\xeb\xc8;4\xd4\xa5/\x0d\x02\
hF\xaa\x84\x02_\xf6\xe5a*\xfd\xfaK\xaa<s\
\x9a\xacE\xc5\xb5\xafI(\xf45\xe6JW\xbd,\xe0\
B\xbc|\xfc\x84\x7f>\xe2\xcf:\xa1\xf0\xfb\xb5\xef@\
\xfe\xb7\xf5\xa1\x80\xfe\x03\xc8\xaf\xd3\x8d\xce\x7f=\x10\x80\
\xe31\x1dH\xa5\xa2M\x1b\xa9\xe2\xd4/T]\x90_\
[\x030\x84Z\xc0\xcb\xcb\xdb\xd9/\x07\xb8)\xf5+\
\x01\xef\xd6\xe1\xe4\xdb\xbe=\x05\x8f\xbf\x8f\x82\x86\x8f\x22\
\x9d\xbf\xbfS^\x03\x04\xe0@X\xc1\xbf\x94\xbc\x9c\xaa\
~\xff\xad\xb6iO\xb5\xc6\x07@\x09L\x08^\x06\x83\
\xd0E\x88\xa7\xb0\xa93(d\xf2\x94f\x7fN\x08\xc0\
\x01\xb0\xa6~\xeek\xafP\xd97G\x85\xbe}\x19y\
\xf9\xf9\xa2\xa6\x07vc\xad(\x17\xbfC\xfe=zR\
\xdby\xaf\x90\xa1{\x8ff{.\x08\xa0\x89\x14\xef\xd8\
FyK\xde \xb3\xd1\x88\x82\x0f\x1c\x0a\x13\x81\xbem\
\x04\x85=\xfc\x08\xb5\x9e\xf9d\xb3<\x07\x04\xd0\x04r\
\x16.\xa0\xe2\xcd)d-3\xa1\xa9\x0f\x9a\x85\x1a\x8b\
Y\xfc?\xf0\x9ea\x14\x95\xb4\x94t\x81\x81\x0e\xbd>\
\x04`\xcf5-\x16\xca|\xf6I2\xa5~V{S\
\xa8\xf5A3\xc3\xc6\x07\xfc{\xddJ1+V\x93w\
x\xb8\xc3\xae\x0b\x01\xa8\xbd\x1e+\xfc\xb3\x1e!\xd3\xa1\
/jo\x08\x85\x1f8\x11C\xd7n\x14\xb3f\x9d\xc3\
\xd6\x0f@\x00*\xc9\x9a;\x9b\x8a\xb7n\xc2\x94\x1ep\
\x09\xacK\x10\xd0\xf7\x0e\x8a\xfep\xadC\xa6\x0a!\x00\
\x15\xe4'/\xa7\xbc\xa5I\xb57\x82\xc2\x0f\x5cH\xf0\
\xb8\x09\x14\xb98\xa9\xc9\xd7\x81\x00\x14Rv\xe28e\
\xce\x9cN\xd5E\xc5\xe4\xa5\xf7q\xf6m\x00\xd0\x88\x88\
\xd7\xdf\xa0\x90\xf1\x93\x9at\x0d\x08@\x01\xd6\xf2rJ\
\x1b;R\x5c\xd9\xa738g\x85\x16\x00r\xb0AA\
}L\x1c%l\xdbE\xfa\xe8\x18\xbb\xaf\x03\x01( \
\xef\x9d%\x94\xbfb\x19\x9a\xfd\xc0\xad`\x12\x08\x1c1\
\x8ab\x96%\xdb}\x0d\x08\xc0\x06\x96\xacL\xba8\xfe\
^\xb2\x18\xd30\xd7\x0f\xdc\x0e]\x80?\xc5\xae^G\
\x86\x9e\xbd\xec:\x1f\x02\xb0A\xee\x1b\x8b\xa8`\xd5\x0a\
\x14~\xe0\x96\xb0\xd5\x82\x81\x83\x06\x8b\x12\xb0\x07\x08@\
\x86\xea\xc2B\xba0\xecn\xb2d\x18!\x00\xe0\xb6\xe8\
\x82\x82(\xee\x93\xcdvm'\x86\x00d(\xda\x9aB\
9\xf3_t\xf6K\x06@\x15l, t\xea\x0c\x8a\
X\xb0P\xf5\xb9\x10\x80\x0c\xe9\x0fN\xa2\xd2\xa3_\xa2\
\xf6\x07n\x0d\x13\x80o\x87\x8e\x94\x98z\x98\xbcTF\
\x97\x82\x00$\xa8\xce\xcb\xa3\x0b#\x07\x93%+\x0b\xf3\
\xfe\xc0\xed\xb1w0\x10\x02\x90\x80\x05\xf7\xc8\x9a\xfd\x94\
`W\xb3\xb3_2\x00v\xd1f\xf6s\xaa\xb7\x0dC\
\x00\x12`\xee\x1fx\x12\xe2\x9a\x80!#(f\xc5*\
U\xe7A\x00\x12d<6\x8dJ\xf6\xed\xc5\xca?\xe0\
\x110\x01\xf8u\xeeB\x09\xbbSU\x8d\x03@\x00\x12\
\x5c\x18z7U\xfe\xfe+\xfa\xff\xc0#`\xbb\x04Y\
\xf4\xa0\xc4\xfdGTm\x15\x86\x00x\xe7X,ta\
\xc8]Tu\xee\x1c\x04\x00<\x06]h\x08\xc5o\xd9\
I\xbe\xed\xaeS|\x0e\x04\xc0\x81-\x00J\x1b?\x92\
\xaa\xce\x9e\xc1\x14 \xf0\x18\x98\x00\xe2\xd6\xa5\xa8Z\x10\
\x04\x01p\x10\xd7\xff\x8f\x1dI\x96\xcc\x0c\xb4\x00\x80\xc7\
 \xae\x08\xfcx#\xf9u\xe9\xaa\xf8\x1c\x08\x80\x03\x04\
\x00<\x11\x08\x80\x03\x04\x00\xb4\x02\x04\xc0\x01\x02\x00Z\
\x01\x02\xe0\x00\x01\x00\xad\x00\x01pp\xb6\x00\xd8\xfel\
\xc5o\x86\xb7\xce\xb17\xebe\xe3zv>_Me\
\x95}/\xc7\xde\xfb\xb3u\x1f\xcdp\x8f\xae\xc4Q\xab\
M!\x00\x0e\xce\x12\x00[\x88\xe1\xd7\xa5\x1b\x05\xf4\xbf\
\x8b\xc8\x5cE5\xd5\xd6\xda\xbf\x9b\xcd\xe2\xba\x82\xda\x0b\
[\xae\x1c+R]m\xf3\xbaV\xde^\x04K\xbd\xf3\
\xac\x96z\xaf\xe1\xf2\xcf\xd6\x9ak\x9e\xcfj\xbe\xfc\xf7\
\xea\xba\xe7\xb5\x92\xb5\xdey\x92T7x\xeb\xbc9\x1f\
_\xe5\xd5\xd7Wcmp?\xd5\xd7>GM\x95\x99\
\x7f\xdc57\xdc\xe09k\xac\x0d\xaeimt\xca\x95\
\xfb\xe6\xbc'\x8d\xd0\xa9\xdb-G\x0a\xde\xa7\x9a\xea\x1a\
\xa9\x07\xea]G\xdd\xd3^\xfb\x16(\xf8\xac\xa86\x11\
-\x9b\x06T\x93K\x10\x02\xe0`o\x0b \xe2\xd5E\
N\xc9\xe8\xean4*\x80D\xd7n\xa2\xaa':\xde\
\xb1\x8d\xb0q\xcc\x15\x81\x8a\xbf\xd4\x08\x05\xe4\xda\xd2\xd5\
h\x03\xd7\xe5\xe3\x1b=\xb7\x85/\xa2k\x04U_H\
\xf5\x84v\x8d\x98\xeb=\xff\x95\xe7\xbe|\xcf5\x0d\x9f\
\xbb\xda\xd6\xbdUs\xfe\xc6\xa9\x04\xcc\x0d\xe5ZE^\
\xbe\xbe\x148h\x88\xaa\xccA\x10\x00\x07{\x04\xc0\xb6\
cF'\xaf\xa1V\xbd\xfb8\xfb\x16\x01\xb0\x1b\x08\x80\
\x83Z\x01\x88\xeb\xb0\xa3c(qW\xaaC\xf3\xb6\x01\
\xd0\xdc@\x00\x1cT\x0b\x80\xed\xc4\x12\xfa]\x89;\xf6\
9\xfb\xf6\x00h\x12\x10\x00\x07{Z\x00!\x13\xefw\
H\xaa&\x00\x9c\x09\x04\xc0\xc1\x9e1\x00\xad\x0e\x00\x02\
\xcf\x06\x02\xe0\xa0V\x00^\x06\x83\xea\xe9\x17\x00\xdc\x01\
\x08\x80\x83\x1a\x01\x889\xda\xe2\xe2)q\xcf\x01\xc9@\
\x0c\xdffU\xd0S_\xe6]\xf37\x9f\xcbs\xea\x0d\
\xa7\xd6\xfd\xf4\xfc\xb7\xc8\xe0\xad\xee\xad\xf3\xa9\xf7\xb9\x1a\
._\xb3\xee\xd2\xbe\xf5\x9e\xc3Ww\xf9u\xe8\xae\xbd\
\xbe\x9f\xccz\x1a\xbd\xce\xf6k\xf1\xbd\xfcz}\x85\xeb\
\xe8\xbc\xae\xfe|\xf5\xf1k\x9f\xc0 q\xdf~*\xd7\
\xc8\xf8\xe8t\xc2\xbf\xba\x9f\xbd\xea]\xa7\xde\xcf\x0d\x9e\
\xcb\x87\xf3\xd4>\x12\xef\xb7\xad\x8fA_w\xafu\x9f\
\xaf\xae\xf1c\xf5_[\xc3uK\xbe6\xde[\xbd\x8d\
uN\xf5\xefS/Q\xb6\xeb_\xc3\xc7[\xc1\x87\xe9\
@Z\xa4\x00\xfc{\xf7\xa5\xf8\x94\xad\x92\xc7,\xf9\xb1\
\x80\xe6\x1e\xcf\x17.\xdc\x84\xd5 \xce\xc0\xd6\xb7\xcb\x03\
\xf1mpK:\x89\xef\xbb\xca\xe5A\x92\xe8\xeb\xc9E\
\xcf\xf9\xba7\x94\x8d\xb7J\xb1\xdbz\x9d~\x97\x9f\xa0\
\xd4\x5c\xd3\xe8\x9c\xfa\xaf\xad\xeeiOOI\x84\x00\x1a\
\xa2V\x00\xb6\x922L\xfa<\x9b6\xfdV\xdc\x22\x0b\
\x18\x90\xc1\xdd\x85\xcfx\xf6z\x08\xa0!j\xc7\x00\x22\
\xdf|\x8b\x82G\x8f\xe3_\xcbZC=6\x19\xe9T\
v\x05\x04\x00\xdc\x8f\xa7:@\x00\x0dQ#\x00[y\
\xd9\xce\x17[\xa8\xd7f#\xe5U\xd8^\xf7\x0f\x80\xd3\
\x81\x00\x1a\xa3T\x00u)\x99\x12v\xef'\x9d??\
|\xf8\x8es\xa54\xf1\xf3,\xaa\xf2\x80\xd6 \xd0 \
\x10@c\x94\x0a@L\xcd<p\x10\xc5\xae]/y\
\xcc\xcb'\xf2\xe9\xb5\xef\x0b\x9c}\xdb\x00(\x03\x02h\
\x8c\x9a.@\xd8\xcc'(|\xf6\x1c\xc9\xc7\x87\xef\xc9\
\xa4\xbdgM\xe8\xff\x03\xf7\x04\x02h\x8c\x1a\x01D\xbf\
\x9f,n\xc1\xe4Qa\xa9\xa1\xae)it6\xaf\x12\
\x02\x00n\x05[w\x11\xe6\xa3\xa3\xcc\x19\xd7A\x00\x0d\
Q\x22\x80\xbaL,q\x9b\xb7K&b8u\xa9\x8a\
n\xdbb$\x93\xc5\xee\x0c\xe5\x008\x94\xb8@=\xdd\
\x19c\xa0I7\x04\xd1\xadQ~\x14\xee\xaf\x87\x00\x1a\
\xa2H\x00\x0ar\xb1}r\xdaD\xd3\x0efc\x00\x10\
\xb8\x94P\xa1\xa6\xef\xdc\xc6\x97\xee\xeb\x18Hc:\x04\
P|\xe0\xd5\xef+\x96\x02sP*\x00[\xd9X\x9f\
;\x9aGK\x7f(@\xf3\x1f\xb8\x84h\x7fo\xba\xb7\
}\x00M\xbd1\x88n\x894p\x8f\x81\x008(\x1d\
\x03\xb0\x95\x8f\xfd\xf6m\xe9t,\xad\x0c\x02\x00N#\
Ph\xd1w\x0a\xf3\xa5\x07:\x05\xd1\xc4\xeb\x03)\xb2\
\x95\xfcf\x0a\x08\x80\x83\x12\x01\xb0\x1d\x801+WS\
\xab>}\xb9\x8f\x9b\xccV\xea\xbc!\x8d\x8c\x85U\x10\
\x00hvX3\xff\xce8\x7f\x9a\xd1%\x98\x86\xb6k\
\xa5\xf8<\x08\x80\x83\x12\x01x\x87\xb7\xa1\x84\xed\x9f\x91\
>*\x9a\xfb\xf8w\xd9\x154`{\x06\x06\x00A\xb3\
R\xd7\xcc\x9f\xf1\xd7`\xba)B}\x22[\x08\x80\x83\
-\x01\xb0\x05@\x86.\xdd(q\xdf\x17\x92\xd7\xf8\xf0\
T1\xcd:\x92K\xca\x02:\x03\xa0\x8ev\x81z\x9a\
 4\xf1g\xfd-\xe4\x9aA=\xb5@\x00\x1cl\x09\
\x80\x0d\x00\x06\x8f\x9fHQI\xefH^c\xfa\xa1\x1c\
Z\xfbk\x89\xb3o\x17\xb4p\xda\x07\xe9i\xaaP\xdb\
?,\xfc\xb3\xd5\xbfW\x02\x04\xc0AI\x17\xa0\xed\xbc\
\x97)\xf4\xa1\xe9\x92\xd7\xe8\xb5\xc9H?d\x96\xa3\xff\
\x0f\x1c\xc2\x0da>4\xbds\x10\xcd\xec\x16B\x81>\
\x8e\xfbNA\x00\x1cl\x09\x80\xe5\x00\x88]\xbd\x8e\x0c\
={q\xcf\xcf.\xab\xa6\x1e\x1b\xd3(\xb3\xc4\x0c\x01\
\x80&\xc1j\xfcG\xbb\x06\xd34\xa1\xc6ocpL\
\x0a\xb1\xfa@\x00\x1c\xe4\x04 \x86\x00\x8b\x89\xa3\xc4\xbd\
_H\x86\x00;d,\xa7Q{21\x00\x08\xec\x86\
\x0d\xee\xcd\xec\x16L\x8f\x0b5~s\x14\xfc: \x00\
\x0e\xb6\x04\xe0\xdf\xebV\x8a\xdf\xb2S\xf2\xfc+!\xc0\
\x00P\x09+\xf8c:\x06\xd2\x0b=C\x9b4\xb8\xa7\
\x14\x08\x80\x83-\x01\x84L\x99J\x91\x0b\x17K\x9e\x8f\
\x10`@-l\x01\xcf\xa8\xbf\x04\xd0\x0b7\x87Q\x97\
6\xbev]\xa3:/\x8f\x05\xfe\x93l\x99\xf2\x80\x00\
8\xd8\x1a\x03\x88x\xfd\x0d\x0a\x19?I\xf2\xfcN\x1b\
.\xd2\xe9\x5c\xec\x00\x04\xca\xe8\x1bm\xa0W{\xb7\xa6\
\x01q\xfev\x9d\xcf\xbe\xaf\x85)\x1b\xc8\xb4?\x95\xa2\
^\x7fSrl\x8a\x07\x04\xc0AN\x00\xb6r\xb0#\
\x04\x18PJ\x87P\x1fz\xbeG(=\xda%\xd8\xae\
\xf3\xcd\xe9F*\x5c\xf7/*\xd9\xb7\x87,\xe9\xe9\xa4\
\x0b\x0c\xa2\xf8\x8d[%\xbf\x9b< \x00\x0eR\x02P\
\x12\x02l\xdf\xf92\x1a\xbd7\x13;\x00\x81$l\xd9\
\xee\xb4\xbf\x06\xd1\xbc^av\x0d\xf0\xb1\x82_\xb0f\
\x15\x99\xf6\x0a\x05?'\xeb\xca\xdf\xbd[\x87\xcbVN\
< \x00\x0er\x02\x08\xe8?\x10!\xc0\x80\xdd\x0c\x88\
\xf7\xa7EBs\xff\xb6(\x83\xeas\xd9\xf7\xb2\xe0_\
\xab\xa9d\xe7\xf6+\x05\xdf\xcb\xe7\xea\xf2_[\xadS\
\x1e\x10\x00\x07I\x01X\xcc\xd4\xfa\xb1\xc7)|\xee|\
\xc9s\x11\x02\x0c\xf0`\x818^\x12j|{\x9a\xfb\
\xd5\x85\x85B\xc1\xff'\x15o\xdfJ\x16c\x9a\xf8\xb7\
\xfa\x05\xbf\x0e\x08\x80\x83#\x05\xe0\xe5\xe3C\x91K\x96\
R\xd0\xd0\x11\xdc\xf3X\x08\xb0\xee\x9b\xd20\x00\x08\xae\
P7\xba\xbf\xe8\xb66\xd4.X\xdd\xb4\x9e\xb5\xbc\x9c\
\x8a7o\xa4\xfc5\x1f\x8a}|\x86\xdc\xf6t\x08\x80\
\x83#\x05\xa0\x0b\x0d\x11\xe7\xff\xa5B\x80\xfdVPE\
}\xb6\xa5Sa\x05\x06\x00@\xed*\xbe\xc5\x7foC\
\x13:\x06\xaa>\x97\x0d\xec\xe5\xbf\xbf\x8c\xaa\xce\x9e\x11\
\xbb\x9e\xbc\x1a\xbf!\x10\x00\x07G\x09@\x1c\x00\xbc\xa1\
3%~v@2\x04\xd8\x963&\x9ar\x00!\xc0\
\xb4\x0e\xab\xf5\xd9N\xbd$\xa1\xf0\xab\x1d\xe4\xab8\xf9\
3]z\xff\x1d*\xfb\xe6(\xd5TT(*\xf8u\
@\x00\x1c\x1c%\x00\xb6\x058h\xe80\x8aY\xb9V\
\xf2<\x84\x00\x03\xac\xd6_r{8\x8dn\x1f\xa0\xea\
<\xf6\x9d\xbb\xb4b\xb98\xc0W]X@^~\xbe\
B\xe1T'\x0f\x08\x80\x83#\xbb\x00m\x9e\x9aM\xad\
g=-y\xde\xc0\x9d\x19t\xe8\xcfR\x08@\x83\xb0\
0\xdb\xe3\x84\xbe\xfe[B\xe1W\xbbM\xb7h\xe3z\
\xa1\xd6\x7fW\xfc\xbe1\xd4\xd4\xfa\xf5\x81\x0088J\
\x00l\x000z\xc5*\x0a\xe8\xd7\x9f{\x0e\x0b\x01\xd6\
uC\x1a\x9dG\x080\xcd\xc1\xd6\xef/\xfe{kz\
\xa8\xb3\xba\x11\xfe\x8a\x1f\xbf\xa7\xdc\xb7\x92\xa8\xfc\x87\x13\
\xe2\xefjk\xfc\x86@\x00\x1c\x1c%\x00\xef\xb00J\
\xd8\xb9\x97\xf4\xd11\xdcs~\xca\xa9\x14C\x80\x15\x9a\
1\x00\xa0%\xd8\xbc~\xf2\x9dm\xa9c\xa8\xed,\xd2\
uXM&\xca_\xf1\x1e\x15\xa5l \xcb\xa5|\xbb\
\x9a\xfb< \x00\x0e\x8e\x10@]\x0e\x00\x84\x00\x03u\
\xb0\xd5|\xb3\xba\x87\x88\x8bz\xd4Pz\xf8 \xe5&\
-\xa6\xaa?N\x8b\xbf+I?\xaf\x14\x08\x80\x83C\
\x04`1S\xf0\xe8\xb1\x14\xf5\xf62\xc9sf\x0a\x85\
\x7f\xe5\xc9B4\xff5\x00\x8b\xc7\xf7A\xff\xb6\xaa\xa2\
\xef\xb2\xc5<yK\x93\xa8d\xc7V\xaa.*&\x9d\
\xc1\xbe\x8d?r@\x00\x1c\x1c\xd5\x05@\x080\xc0\x18\
&\x14\xfad\xa1\xf0\xab\xd9\xab/\xd6\xfao,\x14\xe7\
\xf4\x19\xf6\x0e\xf2\xd9\x02\x02\xe0\xd0T\x010\xbcC\x82\
):y\x0d\xb5\xea\xdd\x87{\xfc\xa5\x8ajq\x00\x10\
!\xc0Z.\xf64\xf9Y_\x9f\xd5\xfa\xc5[S\xc4\
\x9f\x9b\xab\xe0\xd7\x01\x01pp\x84\x00\xf4QQ\x94\xb8\
{?y\x87\x87s\x8f\xff:\xbd\x9c\x86\xedF\x08\xb0\
\x96\x0a[\xc7\xbf\xec\x0eus\xfbe'\x8eS\xee\xc2\
W\xa8\xf2\xf7_\xc5\xdf\x1d\xd9\xd7\x97\x02\x02\xe0\xe0\x08\
\x01\xf8\xfd\xedo\x94\xb8c\x9f\xe4\xf1\xef\x9d,\xa2g\
\x8e\xe69\xfb\xd6\x80\x13\xb8\xb9\xad\x1f\xad\x1b\x1cA\x9d\
\xc3\x94G\xe9\xc9\x7f\xff=*X\xb3R\xec\xf77w\
\xad_\x1f\x08\x80\x83#\x04\x10\xf2\xc0?\x10\x02L\x83\
<p} %\xdf\xd5Vq\x18\xee\xaa\xf3\x7fR\xee\
\x82yT\xfa\xed1\xf1wGL\xed\xa9\x01\x02\xe0\xd0\
\xe4A@?_\x8a\x10\x0a\xbf\x5c\x08\xb0\xae\x1b\xd3\xe8\
Tv\x05\x04\xd0B`k\xf9\xff\xeb\xe60\x9a\xdf+\
L\xf19l\xf3N\xeek\xaf\xd6V\x1az\xbd\xd3\x0b\
?\x03\x02\xe0\xd0$\x01d\x18\x8575D6\xccR\
\x9a\xc9B\xb7n2b\x00\xb0\x85\xc0V\xf5\xbd\xdb/\
\x5c\xf1\x0e\xbe\x1a\x8b\x85.-}\x93\x0a\xd7\x7f\xe4\x94\
\x81>9 \x00\x0eM\x11\x809\xed\x22\xf9^\xf7\x17\
1\x07\x80.\x90\xff\x85@\x08\xb0\x96\x03\x8b\xd1\xf7\xc9\
\xa0\x08\xba%RY\xb4\x1eW7\xf9\x1b\x02\x01ph\
\xaa\x00\x02\xef\xbc\x8bb\xd7\xa5H\x1e\xbb\xe8\xbb|Z\
\xf0o\x84\x00\xf3tXd\xde\x8d\xf7D*\x9e\xdf/\
\xfd\xea\x08e\xcf}\xb664\x97\x8b\x9a\xfc\x0d\x81\x00\
84U\x00\xadg\xce\xa2\xb6/\xbe,y,B\x80\
y>\x13\x85\xe6\xfe?\x07(\x1f\xec\xcb_\x95L\x05\
\xc9\xcb\x9c>\xcao\x0b\x08\x80CS\x04P\x9d\x9bK\
Q\xef.\x97\x0c\x01f\xb1\xd6P\x97\x8d\x08\x01\xe6\xc9\
<\xd1-\x84\xde\xef\x17\xae\xe8X\x16\xa2+\xe7\xa5\x17\
\xc4\x01\xbf\x9a\xca*\xa7\xcc\xed\xab\x01\x02\xe0`\xb7\x00\
\xc6\x0c'\xab\xa9\x94\x12\xb6\xef&\xdf\x0e\xd7s\x8fc\
!\xc0\xee\xd8\x96\x81\x1c\x00\x1e\x08\xdb\xbf\xbf\xf0\x960\
\x9a\xd3S\xd9H?\xeb\xefg?\xf74\x95\xff\xf4\xbd\
\xf8\xbb;\xd5\xfcu@\x00\x1c\xec\x16\xc0\xbdC\xc9\xcb\
`\xa0v\x87\x8e\x22\x04X\x0b\x83M\xf3\xb1\xc0\x1dJ\
#\xf4\x96\x1d?FY\xcf?Mf\xa3\xb1Y6\xf1\
8\x0a\x08\x80\x83\xbd\x02\xb80\xf2\x1e2t\xe9&\x9b\
\x03\xe0\x85o.Q\xd2w\xf9h\xfe{\x10\xe1\x06o\
\xfa\xe0N\xe5\xd3|\xc5;\xb6Q\xee\x1b\x8b\x84\xee`\
\x8e[\xd6\xfa\xf5\x81\x0084\xa5\x0b\x10<~\x22\x85\
\xcf\x9e#y\x1cB\x80y\x16l\x1b\xef\xea\xbb#\x14\
\xe7\xe0\xcb{g\x09\x15\xacZ\xa1:8\xa7\xab\x80\x00\
8\xd8+\x80\xb4\xfb\xc6P\xdb\xf9\x0b(p\xd0\x10\xee\
1,\x04X\xf7O\xd2\xe8\x5c\x01B\x80y\x02\xac\xe6\
\xdf;2J\xd1\x1c?[\xdc\x93=o\x8eX\xfb3\
\xdca\x8aO\x09\x10\x00\x07{\x04\xc0r\xafe\xcc\x98\
*\xc6\x00\x94\xca\x01\xc0B\x80\xf5\xfb4\x1d;\x00=\
\x00\xb6\x9bo\xd7\xb0(\xba)\xc2v-\xce\xa6\xf6\xb2\
\x9e\x7f\x8aJ\x0f\xd5F\x7f\xf2\x84\x9a\xbf\x0e\x08\x80\x83\
=\x02\x10G|_\x9cKq\xebS$\x07\x00?\xfa\
\xad\x98f\x1cD\x080w\x87\xad\xee\xdb=<J\xd1\
n>Q\xfc3gP\xe5\x7fNzT\xc1\xaf\x03\x02\
\xe0`\x8f\x00\xd8\x1e\xee\xc2u\x1fQ\xe4\xe2$\xc9c\
\x10\x02\xcc\xfda\x85\x7f\xdf\x88hE\x01;\xab\xce\xfe\
!\x14\xfe\x87\xc5\xa8=\x9eX\xf8\x19\x10\x00\x07{\x05\
P\xf1\xd3\x8f\x142y\x8a\xe41}\xb6\xa6\xd3\xb7\xc6\
2\x08\xc0M\xb9!\xcc\x87>\x1f\x19\xa3(\x1f_\xc5\
/'\xc5\x9a\x9fm\xfe\xf2\xd4\xc2\xcf\x80\x008\xd8\xd5\
\x05\x10j\x03kQ\x11\x19z\xf6\xe2>\x9e]VM\
=6\x22\x04\x98\xbb\xa2\xa6\xf0\x8bs\xfcsf{|\
\xe1g@\x00\x1c\xec\x11\x00\x1b\x08bx\x87\x86r\x1f\
?_l\xa1\xe5\xffSH\x95-|\x01P\xb5\xb5\x86\
6\xfc^\xe2Q\x03\x9dj\x9a\xfd\xa6\x03\xa9\xe2X\x8f\
%7\xc7\xad\x17\xf8(\x05\x02\xe0`\x8f\x00@-,\
\xd8i\xa7\xf5i\x1e\xb3\xd4\x99\xcd\xf3\x1f\x18\x1d\xa3\xa8\
\xf0\x97\xec\xd9A9\x0b\xe6\xb9\xdd\x86\x9e\xa6\x00\x01p\
\x80\x00\xecg\xc7\xb9R\x9a\xf8y\x96G,ufS\
}\x07FE+\x1a\xedg\xf3\xfb9\xaf\xbcDVS\
\x89\xdbm\xe8i\x0a\x10\x00\x07\x08\xc0~^\xff\xbe\x80\
^:\x91\xef\xea\x97a\x13\xb6\xc8g\xff\xbd\xd1\x8a\xe6\
\xf9[j\xe1g@\x00\x1c \x00\xfb\x99\xb2?\x9b6\
\xfc\xea\xde\xc1NY\xcd\xbfeH$\xdd\x16e{\x85\
_\xd1\xd6\x14\xca]\xb8\x80\xac\xa5e-\xae\xf03 \
\x00\x0e\x10\x80\xfd\x88\xd9\x8eX\xac\x037\x85\xd5\xfc\x1f\
\xdf\x1d\xa1(E\x97X\xf8_\x15\x0a\x7fy\xcb,\xfc\
\x0c\x08\x80\x03\x04`\x1fl\x00\xb0{\x8a\x91\x8cn\x9a\
\xee\x9c\xed\xe7\xffx`\x84\xa2]}l\xc0/{\xfe\
\x8b-\xb2\xd9_\x1f\x08\x80\x03\x04`\x1f\xdfeW\x88\
\xe9\xce\xddq\x0aP\xcd~~\x16\xbd'g\xfe\x5c1\
!gK.\xfc\x0c\x08\x80\x83]\xeb\x00\xf2\xf2(k\
\xeel\xb2\x08\xff\x93\xb7\xd3_r\xf3S]C\xfa\x88\
\xb6\x14\xb3r\xad\xe4^\x87ON\x9bh\xdaA\xf7\x0c\
v\xb2\xf0\xd60z\xf9\x16\xdb9\xfa\xc4y\xfe\x17\x9e\
\xd5D\xe1g@\x00\x1c\x9a\x12\x0f\xa0.\xc9CK\x83\
\xc5\xb33\xf4\xec)\x9b\xee\xcc]\x83\x9d<&\xd4\xfa\
,;\xaf-\xd8\x0a\xbf\xcc'gRu~^\x8b\x99\
\xe7\xb7\x05\x04\xc0\xc1Q\xe9\xc1[\x1a\xc1\x13'\xcb\xa6\
;s\xc7h\xc7,5\xf7g#\xa2m\x1eW\xb7\xb6\
\x9fEun\x09+\xfc\x94\x02\x01p\x80\x00\xf8\xb4\x9d\
\xf72\x85>4\x9d\x7f\xffn\x18\xed\x98%\xe9<2\
6\xc6f\xe8n\xb6\x8f#}\xfa?\xa8\xea\xcf\xff\xd3\
T\xe1g@\x00\x1c \x80\xc6\xb0`\xa71+WS\
\xab>}\xb9\x8f\xb3tg7\xa5\x18\xddf\x090[\
\xe2{dl\xac\xcd\xcd=\xec\xf32>8\x91*O\
\x9f\xd6\x5c\xe1g@\x00\x1c \x80\xc6x\x87\x85Q\xc2\
\xce\xbd\xa4\x8f\x8e\xe1>~\xc8XN\xa3\x84.\x80;\
\xcc\x00(\x0d\xe5\xc5\xf2\xf2\xa5M\x99@\x95'\x7f\xd6\
L\x9f\xbf!\x10\x00\x07\x08\xa0\xc1\xfba\xae$\xdf\x0e\
\x1d)1\xf5\xb0\xe4\x0c\xc0\x87\xa7\x8a\xe9\xb1#\xb9\xae\
~\xa9\xe2t\xdf\x1a\x05s\xfd,\x86_\xc6c\xd3\xc4\
0^Z-\xfc\x0c\x08\x80\x03\x04p-\xd6\x8ar\x0a\
\x1c8H6\xdc\xf9\xac\xaf\xf2\xe8\x83_\x8a\x5c\xfdR\
\x15O\xf7e\xcf\x9bKE)\xeb\xdd&G\x9f\xab\x80\
\x008@\x00\x0d\xde\x0f\x8b\x99\xc2f<&\x9b\xef\xd0\
\x1d\xc2\x9d?p} \xad\x1f\x1ci\xf38\x16\xba;\
\x7f\xc52\xf1g-\x17~\x06\x04\xc0\x01\x02hL\xc4\
\xeboP\xc8\xf8I\xdc\xc7*\x84~\x7f\xd7\x944:\
\x9b\xe7\xba\x19\x00\xb6\xb1\xe7\xf0\xe8\x18q\xb9\xaf\x1cl\
}?\xdb\xd3\xef\x8ey\xfa\x5c\x01\x04\xc0\x01\x02\xb8\x16\
]\x80?\xc5\xae^'\x19\xee\xecL\xa1Y\x8cw\x98\
grM\xb83\xb6\xbb\xef\xa8\x82\x11\x7fq\xa1\xcf3\
OxD\xc6\x1eg\x01\x01p\x80\x00\xaeE\x9c\x01\xd8\
\xb5\x8f\xf4Q\xfc\x055\xfb\xce\x97\xd1\xe8\xbd\x99.Y\
\x02\x1c\xea\xa3\xa3O\xee\x89\xb4\xb9\xbb\x8f\x85m7N\
\x1eW\xfb\xf9\xa0\xf0_\x01\x02\xe0\x00\x01\x5c\x85\x0d\x00\
\xb2|\x87\x09\xbbS%g\x00\x96\xfcX@s\x8f\xbb\
&\x08HR\x9f\xd66\xb3\xf5\x8a\xd3}\x93\xc7{l\
\xec\xfe\xe6\x04\x02\xe0\x00\x01\xd4{/\xcc\x95\x148x\
\x88\xb8\x09H\x8a\xe9\x87rh-\x9b\x01pr\xf3\x7f\
b\xc7@J\xb9\xc7\xf6\xa0_\xc6\xe3\x8f\x90)u\x0f\
\x0a?\x07\x08\x80\x03\x04P\xef\xbd\x10\x04\xd0z\xe6,\
\x0a\x9f;_\xf2\x18W\xe4;\xe8\xd2\xc6\x97\xbe\x1d\x1f\
ks\x99\xaf\x98\xac3\xf9\x03\xa7\xbd.O\x03\x02\xe0\
\x00\x01\x5cK\xe4\x9boQ\xf0\xe8q\xdc\xc7X\xc2\xd3\
\xae\x1b\xd2\xe8\xbc\x13\x83\x80(\x8d\xe7\xc7\xf6\xf5g\xcf\
y\xb6EG\xf4i*\x10\x00\x07\x08\xe0*l\x0f@\
\xdc\x86Md\xe8\xd6\x9d\xfb\xf8o\x05Ut\xc7\xb6\x0c\
\xa7\xee\x01X\xd9\xbf\xad\xcd\xc0\x1e,S\x93\xf1\xfe\xfb\
\xa8\xba \xbfE}\x1e\x8e\x06\x02\xe0\x00\x01\x5c~\x1f\
\x84\xe6\xbf>.^\x8c\x01\xe0\x1d\x1e\xce=\xc6\xd9a\
\xc0\xa7\xdd\x18Dk\x06D\xc8\x1e\xc3\x06\xfd.\x8e\x1b\
IU\x7f\x9cn1\x9fEs\x01\x01p\x80\x00.\xbf\
\x0f\x82\x00\xfc\xba\xf7\x90\x0d\x02\xe2\xcc0\xe0J\xfb\xfd\
l\xd0\xaf\xe4\xb3]\x9a\xdc\xdd\xa7\x16\x08\x80\x03\x04p\
\xf9}`3\x00CFP\xcc\x8aU\x92\xc78+\x0c\
x\xa8AG\x87\xee\x8d\xb1\xd9\xef\xcf_\x95LyK\
j\x83\x96h}\x99\xaf\x12 \x00\x0e\x10\xc0U\xc2f\
>A\xe1\xb3\xe7H>\xee\x8c\x19\x00_\xe1\xd2I\x7f\
\x0f\xa7\xa7\xbb\x87\xc8\x1eWv\xe28e\xce\x9c\xae\x99\
x~\x8e\x00\x02\xe0\x00\x01\x5c%\xea\xedw(h\xc4\
h\xeec\xce\x9a\x01\x18u]\x00\xed\x18\x1e%{\x0c\
\x0b\xcazq\xec\x08MF\xf5i\x0a\x10\x00\x07\x08\xa0\
\x16[3\x00\xa7.U\xd1m[\x8c\xcd\x1a\x04\xa4}\
\x90\x9e\xbe\x99\x10G\x91\xad\xe4\x9b\xf3lo\x7f\xc9\xbe\
\xbd(\xfc*\x81\x008@\x00\xb5\xfd\x7f\x9f\x84v\x94\
\xf0\xe9\x1e\x97\xcd\x00\xb0\x9d}\x9f\x0e\x89\xb2\xb9\xce\x1f\
\xfd~\xfb\x81\x008@\x00\x97g\x00\xbav\xa7\xc4\xdd\
\xa9\x92\xc74\xf7\x0c\x80\x92p\xde\x15'\x7f\xa6\xf4\xa9\
\x93\xd1\xef\xb7\x13\x08\x80\x03\x04P\xbb\x09(h\xf8\xbd\
.\x9b\x01`S~\xdf\x0bM\x7f\xb9\xfd\xfd\xe2&\x9f\
\x09\xa3\xa9\xf2\xb7SX\xe7o'\x10\x00\x07\x08\xa0\x16\
W\xcd\x00\xb0-\xbe\xbbFD\xd1\x1d\xb1\xf2\xfd\xf9\xba\
\xb0^(\xfc\xf6\x03\x01p\x80\x00j\x91\x9b\x01h\xce\
D\xa0so\x0a\xa57\xff\xdeF\xf6\x18\xac\xf3w\x0c\
\x10\x00\x07\x08\xa0\xf6\x8b\x11\xbbf\x1d\x19\xba\xf7\xe0>\
\xcef\x00n\x17Z\x00\x85f\xc7\x8e\x00\xb2d\x1eG\
\xc7\xc5\xca6\xfd\xaf\xbc\xd7\x19F\xd4\xfeM\x04\x02\xe0\
\x00\x01\xd4F\x01J\xdc\xfb\x85\xe4\x0c\xc0\x963&\xfa\
\xc7\xc1\x1c1\x1e\xa0\xa3`M\xff}\xa3\xa2\xc5\xf8~\
r\xb0)?\xd3\xfeT\x14~\x07\x00\x01p\xd0\xba\x00\
\xc4<\x007t\xa6v\x9f\x1f\x96<F\x9c\x018\x96\
\xe7\xd0\xe6\xff\xb3\xddC\xe8\xed\xdb\xc3e\x8f)\xda\xb8\
\x9er\x16-\xa8\xfd\xa5\xda\xf5IH<\x1d\x08\x80\x03\
\x04`;\x0a\x90\xa3g\x00:\x84\xfa\xd0\xcf\x13\xe3d\
7\xfa \xae\x9f\xe3\x81\x008h]\x00\x8c\xd0\xa9\xd3\
e\xf3\x008r\x06\x80e\xf3\xd9\xac`\xc1O\xfa\xb4\
)d:x\x00\xab\xfd\x1c\x08\x04\xc0\x01\x02\x90\xcf\x03\
\xc0\xf6\x00\x5c\xff\xf1E\xca,qL\x18p%{\xfc\
\x0b?ZC9\xaf\xbf*\xfe\x8c\xd5~\x8e\x03\x02\xe0\
\xa0u\x01\xd8\xca\x03\xe0\xc8(@,\xa6\xff\xc9Iq\
\xd4\xc6 ]\xa8\xc5\xa6\xff}c\xc8\x92\x93\x85\xa6\xbf\
\x83\x81\x008h]\x00J\xf2\x00\x8cM\xcdr\xc8\x0c\
\xc0\x86A\x91t\xff\x0d\xf2\x89<Y\xd3\xbf\xf4\xc8A\
\x14\xfef\x00\x02\xe0\xa0e\x01(\xc9\x04\xec\xa8<\x00\
\xc3\x84>\xffg#\xa2e\x8f\x11Sy\xcd\x7f\xd1\xd5\
oK\x8b\x05\x02\xe0\xa0i\x01X\xcc\x14p\xe7]\xb2\
\x99\x80\xc5<\x00\xbf\x964\xe9yX\x84\x9f\xe3\xe3b\
\xa9s\x98\xaf\xe41X\xf0\xd3\xfc@\x00\x1c4-\x00\
\xa1\x05\x102e*E.\x5c,y\xcc\xed\xdb\xd2\xe9\
XZ\xd3f\x00^\xea\x15F\x8bz\xcb\xa7\xf1\xcez\
\xee)\xa1\x05\xb0\x19\xa3\xfe\xcd\x08\x04\xc0A\xcb\x02`\
\xb4\x9d\xf72\x85>4\x9d\xfb\x18\xeb\xf7w^\x7f\xb1\
IQ\x80n\x08\xf3\xa1\x93\x13\xe3e\x97\xfb\x96~u\
D\x5c\xf1'\x82\x05?\xcd\x06\x04\xc0A\xcb\x02`Q\
\x80\xa2\x97'S@\xbf\xfe\xdc\xc7Y&\xe0~B\x0b\
\xc0\xde)@V\xe87\x0e\x8a\xa4\xd1\xed\x03$\x8f\xb1\
\x96\x97S\x9a\xf0^b\x9bo\xf3\x03\x01p\xd0\xb2\x00\
\xd8\x14`\xfc\xd6]\xe4\xdb\xe1z\xee\xe3\x87\x8c\xe54\
tW\x86\xddQ\x80\x94\x0c\xfc\xb1t^\xf9+\x96a\
\xbe\xdf\x09@\x00\x1c\xb4*\x80\xba0`l\x13\x90.\
\x90?5\xf7\xde\xc9\x22z\xe6h\x9e]\xd7g)\xbd\
\x8e\x8c\x89\x11\x83}H\xc1\xe6\xfc\xd3&\x8c\x12\x83|\
z\xea\xfb\xe8I@\x00\x1c\xb4,\x00\xff^\xb7R\xfc\
\x96\x9d\x92\xc7\xcc\xfa*\x8f>`\x99\x80\xed@\xc9f\
\x1f\x04\xf7t.\x10\x00\x07{\x04P]XHi\xe3\
GR\xd5\xd93\x1e\xdbo\x157\x01\x8d\x18E1\xcb\
\x92%\x8f\x19\xb83\x83\x0e\xfdY\xaa\xba\xff\xcf6\xfb\
\x9c\x18\x1f+\xbb\xe2\xcft U\x1c\xf9\xb7VT\xa0\
\xf9\xef$t\xa1!\x14\xb7.\x85\xfc:\xdd\xa8\xf8\x1c\
\x08\x80w\x8e\xc5B\x17\x86\xdcEU\xe7\xceyn\x0b\
\xc0b\xa6\xd6O>#\x19\x06\xccb\xad\xa1\x1e\x9b\x8c\
t*\xbbB\xb5\x00\xde\xbd]>\xb1\x07{\xff.\x8e\
\x1cB\x15\xa7~A\xed\xefD\xd8\xaa\xcf\xb8\xcd\xdb\xc9\
\xb7\xddu\x8a\xcf\x81\x00$\xb8 |\x81+\x85/\xb0\
\xa7\x0a\xc0\xcb\xc7\x87\x22\xff;I2\x0cXvY5\
\xdd\xbcY}\x180\xd6\xe7g[}\xf5:\xe9\x8f2\
?y9\xe5-MB\xcd\xefd\xc4\xc0/\xfb\x8f\x90\
wh\xa8\xe2s \x00\x09<\xbd\xff*&\x02\x11\x9a\
\x83Ra\xc0\xbe\x13j\xfe\x01\xdb3T%\x02Q2\
\xed'\x8e\x9f\xdc;\x14\x9b}\x9c\x0c\x8b\xfcl\xe8\xd2\
\x8d\x12v\xa7J.\xfb\xe6\x01\x01H\x90\x97\xf4:\xe5\
\xffs\xa5G\xd6b\xac\xf9\xaf\x8f\x8e\xa1\x84m\xbb\xc4\
\xffy|r\xdaD\xd3\x0ef\xab\x9a\x02\x1c\x10\xefO\
\x07G\xc5\xc8\x1e\x935w6\x15o\xdd\x84\xc2\xefd\
\x94$\x7f\xe5\x01\x01H\xc0\x06\xb12\x9f~\xdc#W\
\xae\xd5\x85\x01K\xfc\xec\x80dm\xb0\xe8\xbb|Z\xf0\
\xef\x02\xc5\xd7d\x81>\x0e\x8c\x8e\x91\x8d\xf1Wy\xea\
?\x946y<YM%\x1e\xdbu\xf2d\xda\xcc~\
\x8eZ\xcf|R\xd59\x10\x80\x04bSv\xccp\xe1\
\xff,\x8f\xfb2\x8bS\x80\xbd\xfbR|\xcaV\xc9c\
\xd4\x86\x01S\x92\xd4\x13Q~\x5c\x87\xad\xb8\x0fR@\
\x002\xa4?8\x89L_\x1e\xf6\xb8/4\xeb\x0f\x86\
L\x9cLQI\xefH\x1e#\x86\x01\xcb\xaaPt=\
%\x8b~J\x0f\x1f\xa4\xcc'g\x92\xb5\x0a\xd3~\xce\
\xa6n\xdbw\xc2\xee\xfd\xa4\xf3W\xf7]\x85\x00d`\
Qk\xb3_\x99\xe7\x91_\xe86O\xcd\xa6\xd6\xb3\x9e\
\xe6>\xc66\x01uMI\xa3\xb3y\x95\x8aZ\x00J\
\xc2|]\x18=\x94*O\xfe\x8c\xbe\xbf\x0b`\x02\x08\
\x9d:\x83\x22\x16,T}.\x04 \x03[\x10ta\
\xd8\xdd\x1e\xb9\x87].\x13\xd0\xf9b\x0b\xf5\xdal\xa4\
<\x93\xedM@l\xaf\xff\xcf\xf7\xc5S\xbb`\xe9\x91\
\xe5\xe2\x1d\xdb(\xfb\x85\xe7]}\xcb\x9a\x85\xcd\xf8\xc4\
o\xdc\xaaj\x05\xe0\x95s!\x00yr\x16.\xa0\x82\
\xd5\x1fzT7\xc0\xd6\x14\xe0\xd7\xe9\xe54lw\xa6\
\xa2)@[Y}\xd9n\xbf\x8b\xa3\x87Q\xe5\xaf\xff\
\xebQ\xefQK\x81u\xf7\x02\x07\x0e\x92\x0d\xfa\x22\x07\
\x04`\x03s\xbaQ\xccZ\xeb)\xad\x00q\x0a06\
\x96\x12\xb6\xee\x92\x8c\x03\xf8\xd1o\xc5\xf4\xe8\xe1\x5c\x9b\
S\x80Jj\xff\xba\x08\xbf\x9e\xd8Mj\x09\xb0\xc1\xbf\
\xe8\xe45\xd4\xaaw\x1f\xbb\xce\x87\x00\x14 ni]\
\xfe\xaeG\xcc\x060\x01\xf8\xb6o/\x1b\x07\xf0\xe5\x13\
\xf9\xf4\xda\xb7\x97l6\xff\x9f\xe8\x16B\xef\xf7\x93\xde\
\xf0\xc3Rz\xb3.\x92\xf9\xe2y\x8f\x90cKCL\
\xfb>j\x8c\xec~\x0f[@\x00\x0a\xa8\x0bj\xe1\x09\
k\xdb\xd9\x97\xa2U\xef\xdbdw\x01*\x99\x02d#\
\xff?M\x8a\xa3\xf8@\xe9\xda\x1fK~]\x07\x1b\xf8\
\xd3\xc7\x08\x9f\xcf\x96\x1d\xe4\x13\x1bg\xf7u \x00\x85\
\x94\x1d?F\x19\x8f=\xec\xf6\x8b\x5cX\x0b x\xf4\
X\x8az{\x99\xe41J\xe2\x00\xda\xec\xfb\x0b\xb5\xff\
\xf9!w\x91\xc5\x98\x86\xda\xdfED\xbc\xba\x88B&\
Oi\xd25 \x00\x15\xe4\xbf\xff\x1e]Z\xf6N\xd3\
/\xd4\xcc\x84\xcd|Br\x17\xa0\x92)@V\xfb\x1f\
\x1f\x1fK\x1dC\xa5E\x87\xda\xdf\xb5\x04\x8d\x1a-\xbb\
\xceC)\x10\x80J\xd8\x1e\xf7\xe2\x1d\x9f\xd6\xde\x8c\x9b\
\xb6\x04\xe4R\x81\xa5\x99,\xd4M\x10@a\x85\xf4\x08\
\xa0\xady\x7f\xd4\xfe\xae\xa3n\x95g\xec\xdau\xaa\x17\
\xfd\xf0\x80\x00\xd4^\xcfb\xa1\xccY\x8f\x90\xe9\xc0\xfe\
\xda\x1br3\x09\xb0m\xc0\xd1+VI\x06\x02\xfd)\
\xa7\x92\x06\xec\xca\x90\x14\x00\x1b\xf9?:&Vv\xd5\
_\xfe\xaad\xca[\xb2\x18\xb5\xbf\x93a\x85\xdf\xafk\
w\x8a[\xbb\x9e\xbc\xc3\xc3\x9b~A\x82\x00\xec\x82\x0d\
\x0af=\xf74\x99>\xdf[{Sn$\x01[Q\
av\x9c+\xa5\xc9\x07\xb2%S\x81\xd9Z\xf3/\xce\
\xfb\x8f\x1c\xec\xd1\xd1\x92<\x11\xb1\xe6\xbf\xa9\x17\xc5|\
\xb8\xd6a\x85\x9f\x01\x01\xd8{]\xa1%\x90\xbbx!\
\x15\xa5\xac\xa7\x1a\x16\xf6\xca\x0d\x0aC\xdd6\xe0\xc4]\
\xa9\x92_\x12\xb9@\xa0l\xbf\xff\xfe\x91\xd1tG\xac\
t\xd3\x92-\x8f\xceyU:\xd58h\x1e\x02\x06\x0e\
\x12\xfa\xfcK%\x03\xbc\xda\x0b\x04\xd0DX\xbe\xbbK\
\xef.%s\xdaE\xf2\xf2\xf3ui\xb3\x98\x09\xc0'\
>\x81\x12??,\xd9?|N(\xfcK\x7f(\xe0\
\x0e\x00\xf6\x8d6\xd0\xd1q\xb12\xd7G\xa8/g\xc2\
j}\x16\xdd'\xe4\xc1i\x92\x83\xbaM\x05\x02p\x00\
Ug\xff\x10Z\x03\x8b\xa8\xec\xdbcd--s\x99\
\x08\xc4\xa80={R\xe2\x8e}\x92\xc7\x88k\x00\xfe\
05\xfa\xbb\xaf\xe0\x83\xf5\x83\x22iBG\xe9\x1a\xa6\
d\xcf\x0e\xca\x9a\xfbl\xed/\x1e\x18'\xc1S`\x05\
\x9f-\xe76\xdc\xd8U\xcc\xec\xa4v\x8b\xaf\x1a \x00\
\x07R\xb2o\x0f\xe5\xaf\x5cAUg~\xaf\x15\x81^\
\xef\xd4\xf1\x01q]\xf8\xa0\xc1\xe2\xbep)\xa4\x22\x01\
\xb3\x14_\xa7&\xc7\xcb\xc6\xfac\x8b\xa1\xca\x7f\xfa\xde\
-\xba;-\x11\xb1\xe0\x0b\xef\xadOb\x02\x85M\x9d\
A\xc1\x13&\xa9\x0a\xefe\x0f\x10@3\xc0DP\xbc\
i#U\xfc\xfe+U\x17\xe4\x13\x09M\xe7+o@\
3\x17\x1e\xb9\xf9a\xb9H\xc0I}Z\xd3\x9c\x9ea\
\x92\xd7-;q\x9c2\x1e\x99F\xd6\xf2R\x8c\xfe;\
\x08\xd6e\xabC\x17\x18D~\x9d:Q\xf0\xf8\xfb(\
h\xf8(\x87L\xf1)\x01\x02hFX\xd7\xc0t\xf8\
\x10\x95\x1f\xfb\x9a*\xcf\x9d%kIm\x1an6h\
\xc8j\xeb\xe6 \xec\xe1G%\xf7\x85\xb3\x91\xff\x8e\xeb\
/6\x8a\x04\xcc\x16\xfe\x9c\xba?\x9e\x22[\xf1\x0b6\
\xeb\xfb\x1b'\x8f\x13$\xf0\xad\xab\xde\xca\x16C\xdd\xd8\
\x09k\xe2\xeb\x02\x03\xc8'.\x9e\x02\xee\xe8O\xad\xee\
\xe8G\x86n\xdd\x9d\xfez \x00'\xc1\x16\xcf\x98\xcf\
\xffIU\x7f\x9e%sf\x16U_\xca\x13\x9a|f\
\xb1p9\x92\xa0{\x86R\xab>}\xb9\x8f\xb1P\xe0\
=6\xa6\xd5&\x03\xad\xc7\x037\x06\xd3\xfa\xc1\x91\x92\
\xd7dq\x11\xd8\xca?6\x05\x08\xec\x87\xd5\xea\xdem\
\xc2I\xdf\xb6-\xf9^\xd7^,\xfc\x8e\x9c\xd2\xb3\x07\
\x08@C\xb0l\xc0,\x14\x98\x18\x08\xe42\xbe\xbe:\
\xfarl\xacl\xb0O\xd0r\x81\x004\x04\x13\xc0\x98\
}Yd,\xb6Px\x807\x85\xfa\xe8\xe8\xe6H?\
\xd9M?\xa0e\x03\x01h\x086\x06\x90%t\x03\x82\
|\xbd(@\xaf\x13\x17\xfe\x00m\x03\x01\x00\xa0a \
\x00\x004\x0c\x04\x00\x80\x86\x81\x00\x00\xd00\x10\x00\x00\
\x1a\x06\x02\x00@\xc3@\x00\x00h\x18\x08\x00\x00\x0d\x03\
\x01\x00\xa0a \x00\x004L\x8b\x17\x00\x00\xc0}\x80\
\x00\x00\xd00\x10\x00\x00\x1a\x06\x02\x00@\xc3@\x00\x00\
h\x18\x08\x00\x00\x0d\x03\x01\x00\xa0a \x00\x004\x0c\
\x04\x00\x80\x86\x81\x00\x00\xd00\x10\x00\x00\x1a\x06\x02\x00\
@\xc3@\x00\x00h\x18\x08\x00\x00\x0d\x03\x01\x00\xa0a\
 \x00\x004\x0c\x04\x00\x80\x86\x81\x00\x00\xd00\x10\x00\
\x00\x1a\x06\x02\x00@\xc3@\x00\x00h\x18\x08\x00\x00\x0d\
\x03\x01\x00\xa0a \x00\x004\x0c\x04\x00\x80\x86\x81\x00\
\x00\xd00\x10\x00\x00\x1a\x06\x02\x00@\xc3\xfc?u\xf7\
w\x0f\x8e\x0c\x067\x00\x00\x00\x00IEND\xaeB\
`\x82\
"

qt_resource_name = b"\
\x00\x03\
\x00\x00x\xc3\
\x00r\
\x00e\x00s\
\x00\x0a\
\x05\xab@'\
\x00q\
\x00r\x00c\x00o\x00d\x00e\x00.\x00j\x00p\x00g\
\x00\x08\
\x0aaB\x7f\
\x00i\
\x00c\x00o\x00n\x00.\x00i\x00c\x00o\
"

qt_resource_struct = b"\
\x00\x00\x00\x00\x00\x02\x00\x00\x00\x01\x00\x00\x00\x01\
\x00\x00\x00\x00\x00\x00\x00\x00\
\x00\x00\x00\x00\x00\x02\x00\x00\x00\x02\x00\x00\x00\x02\
\x00\x00\x00\x00\x00\x00\x00\x00\
\x00\x00\x00\x0c\x00\x00\x00\x00\x00\x01\x00\x00\x00\x00\
\x00\x00\x01\x9dxE\xcc\xa9\
\x00\x00\x00&\x00\x00\x00\x00\x00\x01\x00\x00p\xcd\
\x00\x00\x01\x9dxs\xc6\xf9\
"

def qInitResources():
    QtCore.qRegisterResourceData(0x03, qt_resource_struct, qt_resource_name, qt_resource_data)

def qCleanupResources():
    QtCore.qUnregisterResourceData(0x03, qt_resource_struct, qt_resource_name, qt_resource_data)

qInitResources()
